Year,Quarter,QTM,Expiration,Valuation,Index,Strike,Price
1995,1,12,1995-03-31,1992-03-31,402.79,406.8179,131.4823415785031
1995,1,11,1995-03-31,1992-06-30,398.63,406.8179,19.006511171511043
1995,1,10,1995-03-31,1992-09-30,396.87,406.8179,1.6669923621157043
1995,1,9,1995-03-31,1992-12-31,385.72,406.8179,17.62543762209992
1995,1,8,1995-03-31,1993-03-31,388.7,406.8179,15.568637617299535
1995,1,7,1995-03-31,1993-06-30,387.77,406.8179,14.368800334780406
1995,1,6,1995-03-31,1993-09-30,392.05,406.8179,10.9669337623241
1995,1,5,1995-03-31,1993-12-31,391.06,406.8179,11.343938006292223
1995,1,4,1995-03-31,1994-03-31,396.17,406.8179,6.509230589693504
1995,1,3,1995-03-31,1994-06-30,402.26,406.8179,2.9359736317792926
1995,1,2,1995-03-31,1994-09-30,408.32,406.8179,0.6024095263280413
1995,1,1,1995-03-31,1994-12-31,416.01,406.8179,0.001205142262931271
1995,1,0,1995-03-31,1995-03-31,424.78,406.8179,0
1995,2,12,1995-06-30,1992-06-30,398.63,402.6163,70.98541421029607
1995,2,11,1995-06-30,1992-09-30,396.87,402.6163,8.234411576562573
1995,2,10,1995-06-30,1992-12-31,385.72,402.6163,16.28147383593565
1995,2,9,1995-06-30,1993-03-31,388.7,402.6163,14.170923767096898
1995,2,8,1995-06-30,1993-06-30,387.77,402.6163,12.590443425352513
1995,2,7,1995-06-30,1993-09-30,392.05,402.6163,9.656813819080742
1995,2,6,1995-06-30,1993-12-31,391.06,402.6163,9.646160666564569
1995,2,5,1995-06-30,1994-03-31,396.17,402.6163,5.084670094862468
1995,2,4,1995-06-30,1994-06-30,402.26,402.6163,2.0320729630016547
1995,2,3,1995-06-30,1994-09-30,408.32,402.6163,0.39523068152065766
1995,2,2,1995-06-30,1994-12-31,416.01,402.6163,0.0036430988652939957
1995,2,1,1995-06-30,1995-03-31,424.78,402.6163,0
1995,2,0,1995-06-30,1995-06-30,433.62,402.6163,0
1995,3,12,1995-09-30,1992-09-30,396.87,400.8387,47.042403965482826
1995,3,11,1995-09-30,1992-12-31,385.72,400.8387,16.06521603200917
1995,3,10,1995-09-30,1993-03-31,388.7,400.8387,13.855226700857674
1995,3,9,1995-09-30,1993-06-30,387.77,400.8387,12.465551962072654
1995,3,8,1995-09-30,1993-09-30,392.05,400.8387,9.816727429166574
1995,3,7,1995-09-30,1993-12-31,391.06,400.8387,9.668342653574939
1995,3,6,1995-09-30,1994-03-31,396.17,400.8387,4.343334857135384
1995,3,5,1995-09-30,1994-06-30,402.26,400.8387,1.7724007876041528
1995,3,4,1995-09-30,1994-09-30,408.32,400.8387,0.3972731010363376
1995,3,3,1995-09-30,1994-12-31,416.01,400.8387,0.01455550726408823
1995,3,2,1995-09-30,1995-03-31,424.78,400.8387,0
1995,3,1,1995-09-30,1995-06-30,433.62,400.8387,0
1995,3,0,1995-09-30,1995-09-30,442.54,400.8387,0
1995,4,12,1995-12-31,1992-12-31,385.72,389.5772,11.129895327705247
1995,4,11,1995-12-31,1993-03-31,388.7,389.5772,9.452410091111798
1995,4,10,1995-12-31,1993-06-30,387.77,389.5772,8.263349740363987
1995,4,9,1995-12-31,1993-09-30,392.05,389.5772,6.255451528829752
1995,4,8,1995-12-31,1993-12-31,391.06,389.5772,6.038020511314947
1995,4,7,1995-12-31,1994-03-31,396.17,389.5772,2.3654355280608486
1995,4,6,1995-12-31,1994-06-30,402.26,389.5772,0.5517020719553126
1995,4,5,1995-12-31,1994-09-30,408.32,389.5772,0.08413796832891153
1995,4,4,1995-12-31,1994-12-31,416.01,389.5772,0.001581474958189681
1995,4,3,1995-12-31,1995-03-31,424.78,389.5772,0
1995,4,2,1995-12-31,1995-06-30,433.62,389.5772,0
1995,4,1,1995-12-31,1995-09-30,442.54,389.5772,0
1995,4,0,1995-12-31,1995-12-31,447.35,389.5772,0
1996,1,12,1996-03-31,1993-03-31,388.7,392.587,11.554747761631235
1996,1,11,1996-03-31,1993-06-30,387.77,392.587,9.900231869332295
1996,1,10,1996-03-31,1993-09-30,392.05,392.587,8.160883201692123
1996,1,9,1996-03-31,1993-12-31,391.06,392.587,7.859594552560007
1996,1,8,1996-03-31,1994-03-31,396.17,392.587,3.5860885931817386
1996,1,7,1996-03-31,1994-06-30,402.26,392.587,1.3876800807978187
1996,1,6,1996-03-31,1994-09-30,408.32,392.587,0.24044239703707887
1996,1,5,1996-03-31,1994-12-31,416.01,392.587,0.02849708962925384
1996,1,4,1996-03-31,1995-03-31,424.78,392.587,0.001503667712168083
1996,1,3,1996-03-31,1995-06-30,433.62,392.587,0
1996,1,2,1996-03-31,1995-09-30,442.54,392.587,0
1996,1,1,1996-03-31,1995-12-31,447.35,392.587,0
1996,1,0,1996-03-31,1996-03-31,458.09,392.587,0
1996,2,12,1996-06-30,1993-06-30,387.77,391.6477,9.974087748436144
1996,2,11,1996-06-30,1993-09-30,392.05,391.6477,7.959956283764661
1996,2,10,1996-06-30,1993-12-31,391.06,391.6477,8.333133843829518
1996,2,9,1996-06-30,1994-03-31,396.17,391.6477,3.8777717754472674
1996,2,8,1996-06-30,1994-06-30,402.26,391.6477,1.6202422094159497
1996,2,7,1996-06-30,1994-09-30,408.32,391.6477,0.5112781395347347
1996,2,6,1996-06-30,1994-12-31,416.01,391.6477,0.036200877729611704
1996,2,5,1996-06-30,1995-03-31,424.78,391.6477,3.8329097686698053e-4
1996,2,4,1996-06-30,1995-06-30,433.62,391.6477,0
1996,2,3,1996-06-30,1995-09-30,442.54,391.6477,0
1996,2,2,1996-06-30,1995-12-31,447.35,391.6477,0
1996,2,1,1996-06-30,1996-03-31,458.09,391.6477,0
1996,2,0,1996-06-30,1996-06-30,468.57,391.6477,0
1996,3,12,1996-09-30,1993-09-30,392.05,395.9705,10.40535677951589
1996,3,11,1996-09-30,1993-12-31,391.06,395.9705,10.412881968670131
1996,3,10,1996-09-30,1994-03-31,396.17,395.9705,5.545416126275005
1996,3,9,1996-09-30,1994-06-30,402.26,395.9705,2.6371243469780543
1996,3,8,1996-09-30,1994-09-30,408.32,395.9705,0.9480779624789226
1996,3,7,1996-09-30,1994-12-31,416.01,395.9705,0.18847528179226206
1996,3,6,1996-09-30,1995-03-31,424.78,395.9705,0.016731442884511998
1996,3,5,1996-09-30,1995-06-30,433.62,395.9705,9.574968638892493e-4
1996,3,4,1996-09-30,1995-09-30,442.54,395.9705,0
1996,3,3,1996-09-30,1995-12-31,447.35,395.9705,0
1996,3,2,1996-09-30,1996-03-31,458.09,395.9705,0
1996,3,1,1996-09-30,1996-06-30,468.57,395.9705,0
1996,3,0,1996-09-30,1996-09-30,480.89,395.9705,0
1996,4,12,1996-12-31,1993-12-31,391.06,394.9706,10.339835793266815
1996,4,11,1996-12-31,1994-03-31,396.17,394.9706,5.642708050771165
1996,4,10,1996-12-31,1994-06-30,402.26,394.9706,2.8225992095402104
1996,4,9,1996-12-31,1994-09-30,408.32,394.9706,1.1149431709796631
1996,4,8,1996-12-31,1994-12-31,416.01,394.9706,0.33410651590583285
1996,4,7,1996-12-31,1995-03-31,424.78,394.9706,0.05734475930789373
1996,4,6,1996-12-31,1995-06-30,433.62,394.9706,7.674075176041628e-4
1996,4,5,1996-12-31,1995-09-30,442.54,394.9706,0
1996,4,4,1996-12-31,1995-12-31,447.35,394.9706,0
1996,4,3,1996-12-31,1996-03-31,458.09,394.9706,0
1996,4,2,1996-12-31,1996-06-30,468.57,394.9706,0
1996,4,1,1996-12-31,1996-09-30,480.89,394.9706,0
1996,4,0,1996-12-31,1996-12-31,493.43,394.9706,0
1997,1,12,1997-03-31,1994-03-31,396.17,400.1317,7.341897526673373
1997,1,11,1997-03-31,1994-06-30,402.26,400.1317,3.8478463913375056
1997,1,10,1997-03-31,1994-09-30,408.32,400.1317,1.9906060694722212
1997,1,9,1997-03-31,1994-12-31,416.01,400.1317,0.5957230864844433
1997,1,8,1997-03-31,1995-03-31,424.78,400.1317,0.18498678024260523
1997,1,7,1997-03-31,1995-06-30,433.62,400.1317,0.041139592028602415
1997,1,6,1997-03-31,1995-09-30,442.54,400.1317,0
1997,1,5,1997-03-31,1995-12-31,447.35,400.1317,0
1997,1,4,1997-03-31,1996-03-31,458.09,400.1317,0
1997,1,3,1997-03-31,1996-06-30,468.57,400.1317,0
1997,1,2,1997-03-31,1996-09-30,480.89,400.1317,0
1997,1,1,1997-03-31,1996-12-31,493.43,400.1317,0
1997,1,0,1997-03-31,1997-03-31,504.96,400.1317,0
1997,2,12,1997-06-30,1994-06-30,402.26,406.2826,5.495304991060299
1997,2,11,1997-06-30,1994-09-30,408.32,406.2826,2.8892052859603212
1997,2,10,1997-06-30,1994-12-31,416.01,406.2826,1.0685066288095553
1997,2,9,1997-06-30,1995-03-31,424.78,406.2826,0.45681025584848733
1997,2,8,1997-06-30,1995-06-30,433.62,406.2826,0.1326823828764986
1997,2,7,1997-06-30,1995-09-30,442.54,406.2826,0.027207733374760356
1997,2,6,1997-06-30,1995-12-31,447.35,406.2826,0.007155358143720398
1997,2,5,1997-06-30,1996-03-31,458.09,406.2826,0
1997,2,4,1997-06-30,1996-06-30,468.57,406.2826,0
1997,2,3,1997-06-30,1996-09-30,480.89,406.2826,0
1997,2,2,1997-06-30,1996-12-31,493.43,406.2826,0
1997,2,1,1997-06-30,1997-03-31,504.96,406.2826,0
1997,2,0,1997-06-30,1997-06-30,519.21,406.2826,0
1997,3,12,1997-09-30,1994-09-30,408.32,412.40319999999997,3.8816693137542937
1997,3,11,1997-09-30,1994-12-31,416.01,412.40319999999997,1.7419291431456927
1997,3,10,1997-09-30,1995-03-31,424.78,412.40319999999997,0.8938901504863017
1997,3,9,1997-09-30,1995-06-30,433.62,412.40319999999997,0.3792454619146171
1997,3,8,1997-09-30,1995-09-30,442.54,412.40319999999997,0.1417511773557121
1997,3,7,1997-09-30,1995-12-31,447.35,412.40319999999997,0.03227752201955199
1997,3,6,1997-09-30,1996-03-31,458.09,412.40319999999997,9.877531297187902e-4
1997,3,5,1997-09-30,1996-06-30,468.57,412.40319999999997,0
1997,3,4,1997-09-30,1996-09-30,480.89,412.40319999999997,0
1997,3,3,1997-09-30,1996-12-31,493.43,412.40319999999997,0
1997,3,2,1997-09-30,1997-03-31,504.96,412.40319999999997,0
1997,3,1,1997-09-30,1997-06-30,519.21,412.40319999999997,0
1997,3,0,1997-09-30,1997-09-30,536.78,412.40319999999997,0
1997,4,12,1997-12-31,1994-12-31,416.01,420.1701,2.750173476070087
1997,4,11,1997-12-31,1995-03-31,424.78,420.1701,1.5465633785875983
1997,4,10,1997-12-31,1995-06-30,433.62,420.1701,0.7762731170579644
1997,4,9,1997-12-31,1995-09-30,442.54,420.1701,0.30935582168037784
1997,4,8,1997-12-31,1995-12-31,447.35,420.1701,0.21567489020496208
1997,4,7,1997-12-31,1996-03-31,458.09,420.1701,0.027787586543612665
1997,4,6,1997-12-31,1996-06-30,468.57,420.1701,8.885361978177672e-5
1997,4,5,1997-12-31,1996-09-30,480.89,420.1701,0
1997,4,4,1997-12-31,1996-12-31,493.43,420.1701,0
1997,4,3,1997-12-31,1997-03-31,504.96,420.1701,0
1997,4,2,1997-12-31,1997-06-30,519.21,420.1701,0
1997,4,1,1997-12-31,1997-09-30,536.78,420.1701,0
1997,4,0,1997-12-31,1997-12-31,562.04,420.1701,0
1998,1,12,1998-03-31,1995-03-31,424.78,429.02779999999996,2.607942064790925
1998,1,11,1998-03-31,1995-06-30,433.62,429.02779999999996,1.518205240845025
1998,1,10,1998-03-31,1995-09-30,442.54,429.02779999999996,0.8489094830545835
1998,1,9,1998-03-31,1995-12-31,447.35,429.02779999999996,0.607106403226367
1998,1,8,1998-03-31,1996-03-31,458.09,429.02779999999996,0.1494329818812832
1998,1,7,1998-03-31,1996-06-30,468.57,429.02779999999996,0.022816127046111242
1998,1,6,1998-03-31,1996-09-30,480.89,429.02779999999996,0
1998,1,5,1998-03-31,1996-12-31,493.43,429.02779999999996,0
1998,1,4,1998-03-31,1997-03-31,504.96,429.02779999999996,0
1998,1,3,1998-03-31,1997-06-30,519.21,429.02779999999996,0
1998,1,2,1998-03-31,1997-09-30,536.78,429.02779999999996,0
1998,1,1,1998-03-31,1997-12-31,562.04,429.02779999999996,0
1998,1,0,1998-03-31,1998-03-31,585.31,429.02779999999996,0
1998,2,12,1998-06-30,1995-06-30,433.62,437.9562,2.5385457152438846
1998,2,11,1998-06-30,1995-09-30,442.54,437.9562,1.5360933833522477
1998,2,10,1998-06-30,1995-12-31,447.35,437.9562,1.253626750145352
1998,2,9,1998-06-30,1996-03-31,458.09,437.9562,0.5391893577229189
1998,2,8,1998-06-30,1996-06-30,468.57,437.9562,0.10668627828012732
1998,2,7,1998-06-30,1996-09-30,480.89,437.9562,0.008599270500233833
1998,2,6,1998-06-30,1996-12-31,493.43,437.9562,0
1998,2,5,1998-06-30,1997-03-31,504.96,437.9562,0
1998,2,4,1998-06-30,1997-06-30,519.21,437.9562,0
1998,2,3,1998-06-30,1997-09-30,536.78,437.9562,0
1998,2,2,1998-06-30,1997-12-31,562.04,437.9562,0
1998,2,1,1998-06-30,1998-03-31,585.31,437.9562,0
1998,2,0,1998-06-30,1998-06-30,609.84,437.9562,0
1998,3,12,1998-09-30,1995-09-30,442.54,446.96540000000005,2.7335259702833
1998,3,11,1998-09-30,1995-12-31,447.35,446.96540000000005,2.2444475411301976
1998,3,10,1998-09-30,1996-03-31,458.09,446.96540000000005,1.158771253524268
1998,3,9,1998-09-30,1996-06-30,468.57,446.96540000000005,0.4497453709554994
1998,3,8,1998-09-30,1996-09-30,480.89,446.96540000000005,0.08970783673106104
1998,3,7,1998-09-30,1996-12-31,493.43,446.96540000000005,0.00599185752816608
1998,3,6,1998-09-30,1997-03-31,504.96,446.96540000000005,0
1998,3,5,1998-09-30,1997-06-30,519.21,446.96540000000005,0
1998,3,4,1998-09-30,1997-09-30,536.78,446.96540000000005,0
1998,3,3,1998-09-30,1997-12-31,562.04,446.96540000000005,0
1998,3,2,1998-09-30,1998-03-31,585.31,446.96540000000005,0
1998,3,1,1998-09-30,1998-06-30,609.84,446.96540000000005,0
1998,3,0,1998-09-30,1998-09-30,630.95,446.96540000000005,0
1998,4,12,1998-12-31,1995-12-31,447.35,451.8235,3.0413100076721107
1998,4,11,1998-12-31,1996-03-31,458.09,451.8235,1.8359794776705127
1998,4,10,1998-12-31,1996-06-30,468.57,451.8235,0.7081102171931103
1998,4,9,1998-12-31,1996-09-30,480.89,451.8235,0.24417474761698313
1998,4,8,1998-12-31,1996-12-31,493.43,451.8235,0.04953629095297595
1998,4,7,1998-12-31,1997-03-31,504.96,451.8235,0.002296409496658401
1998,4,6,1998-12-31,1997-06-30,519.21,451.8235,0
1998,4,5,1998-12-31,1997-09-30,536.78,451.8235,0
1998,4,4,1998-12-31,1997-12-31,562.04,451.8235,0
1998,4,3,1998-12-31,1998-03-31,585.31,451.8235,0
1998,4,2,1998-12-31,1998-06-30,609.84,451.8235,0
1998,4,1,1998-12-31,1998-09-30,630.95,451.8235,0
1998,4,0,1998-12-31,1998-12-31,653.37,451.8235,0
1999,1,12,1999-03-31,1996-03-31,458.09,462.67089999999996,3.1978159581700925
1999,1,11,1999-03-31,1996-06-30,468.57,462.67089999999996,1.5927046902699342
1999,1,10,1999-03-31,1996-09-30,480.89,462.67089999999996,0.7205683320935437
1999,1,9,1999-03-31,1996-12-31,493.43,462.67089999999996,0.2374562689780051
1999,1,8,1999-03-31,1997-03-31,504.96,462.67089999999996,0.050049318741703104
1999,1,7,1999-03-31,1997-06-30,519.21,462.67089999999996,0.004388096600607435
1999,1,6,1999-03-31,1997-09-30,536.78,462.67089999999996,0
1999,1,5,1999-03-31,1997-12-31,562.04,462.67089999999996,0
1999,1,4,1999-03-31,1998-03-31,585.31,462.67089999999996,0
1999,1,3,1999-03-31,1998-06-30,609.84,462.67089999999996,0
1999,1,2,1999-03-31,1998-09-30,630.95,462.67089999999996,0
1999,1,1,1999-03-31,1998-12-31,653.37,462.67089999999996,0
1999,1,0,1999-03-31,1999-03-31,670.31,462.67089999999996,0
1999,2,12,1999-06-30,1996-06-30,468.57,473.2557,2.763122314608408
1999,2,11,1999-06-30,1996-09-30,480.89,473.2557,1.6475974648876888
1999,2,10,1999-06-30,1996-12-31,493.43,473.2557,0.7144798231764651
1999,2,9,1999-06-30,1997-03-31,504.96,473.2557,0.22178859069814721
1999,2,8,1999-06-30,1997-06-30,519.21,473.2557,0.03806068919208425
1999,2,7,1999-06-30,1997-09-30,536.78,473.2557,0
1999,2,6,1999-06-30,1997-12-31,562.04,473.2557,0
1999,2,5,1999-06-30,1998-03-31,585.31,473.2557,0
1999,2,4,1999-06-30,1998-06-30,609.84,473.2557,0
1999,2,3,1999-06-30,1998-09-30,630.95,473.2557,0
1999,2,2,1999-06-30,1998-12-31,653.37,473.2557,0
1999,2,1,1999-06-30,1999-03-31,670.31,473.2557,0
1999,2,0,1999-06-30,1999-06-30,687.88,473.2557,0
1999,3,12,1999-09-30,1996-09-30,480.89,485.6989,3.102210150387731
1999,3,11,1999-09-30,1996-12-31,493.43,485.6989,1.5841098720138413
1999,3,10,1999-09-30,1997-03-31,504.96,485.6989,0.693995667628617
1999,3,9,1999-09-30,1997-06-30,519.21,485.6989,0.20131592494039352
1999,3,8,1999-09-30,1997-09-30,536.78,485.6989,0.028983548990346372
1999,3,7,1999-09-30,1997-12-31,562.04,485.6989,0
1999,3,6,1999-09-30,1998-03-31,585.31,485.6989,0
1999,3,5,1999-09-30,1998-06-30,609.84,485.6989,0
1999,3,4,1999-09-30,1998-09-30,630.95,485.6989,0
1999,3,3,1999-09-30,1998-12-31,653.37,485.6989,0
1999,3,2,1999-09-30,1999-03-31,670.31,485.6989,0
1999,3,1,1999-09-30,1999-06-30,687.88,485.6989,0
1999,3,0,1999-09-30,1999-09-30,707.2,485.6989,0
1999,4,12,1999-12-31,1996-12-31,493.43,498.3643,2.8657458739073802
1999,4,11,1999-12-31,1997-03-31,504.96,498.3643,1.44911201580098
1999,4,10,1999-12-31,1997-06-30,519.21,498.3643,0.6275030002706384
1999,4,9,1999-12-31,1997-09-30,536.78,498.3643,0.15755909348079775
1999,4,8,1999-12-31,1997-12-31,562.04,498.3643,0.007245353932978698
1999,4,7,1999-12-31,1998-03-31,585.31,498.3643,0
1999,4,6,1999-12-31,1998-06-30,609.84,498.3643,0
1999,4,5,1999-12-31,1998-09-30,630.95,498.3643,0
1999,4,4,1999-12-31,1998-12-31,653.37,498.3643,0
1999,4,3,1999-12-31,1999-03-31,670.31,498.3643,0
1999,4,2,1999-12-31,1999-06-30,687.88,498.3643,0
1999,4,1,1999-12-31,1999-09-30,707.2,498.3643,0
1999,4,0,1999-12-31,1999-12-31,727.62,498.3643,0
2000,1,12,2000-03-31,1997-03-31,504.96,510.0096,3.0114272348272824
2000,1,11,2000-03-31,1997-06-30,519.21,510.0096,1.429719866602081
2000,1,10,2000-03-31,1997-09-30,536.78,510.0096,0.5167814450938826
2000,1,9,2000-03-31,1997-12-31,562.04,510.0096,0.06173803422306515
2000,1,8,2000-03-31,1998-03-31,585.31,510.0096,0.002127570817590371
2000,1,7,2000-03-31,1998-06-30,609.84,510.0096,0
2000,1,6,2000-03-31,1998-09-30,630.95,510.0096,0
2000,1,5,2000-03-31,1998-12-31,653.37,510.0096,0
2000,1,4,2000-03-31,1999-03-31,670.31,510.0096,0
2000,1,3,2000-03-31,1999-06-30,687.88,510.0096,0
2000,1,2,2000-03-31,1999-09-30,707.2,510.0096,0
2000,1,1,2000-03-31,1999-12-31,727.62,510.0096,0
2000,1,0,2000-03-31,2000-03-31,745.09,510.0096,0
2000,2,12,2000-06-30,1997-06-30,519.21,524.4021,3.050592107055911
2000,2,11,2000-06-30,1997-09-30,536.78,524.4021,1.2692284354048746
2000,2,10,2000-06-30,1997-12-31,562.04,524.4021,0.27000152954735657
2000,2,9,2000-06-30,1998-03-31,585.31,524.4021,0.030363410881141323
2000,2,8,2000-06-30,1998-06-30,609.84,524.4021,0.002907846121674358
2000,2,7,2000-06-30,1998-09-30,630.95,524.4021,0
2000,2,6,2000-06-30,1998-12-31,653.37,524.4021,0
2000,2,5,2000-06-30,1999-03-31,670.31,524.4021,0
2000,2,4,2000-06-30,1999-06-30,687.88,524.4021,0
2000,2,3,2000-06-30,1999-09-30,707.2,524.4021,0
2000,2,2,2000-06-30,1999-12-31,727.62,524.4021,0
2000,2,1,2000-06-30,2000-03-31,745.09,524.4021,0
2000,2,0,2000-06-30,2000-06-30,767.85,524.4021,0
2000,3,12,2000-09-30,1997-09-30,536.78,542.1478,3.175940923121987
2000,3,11,2000-09-30,1997-12-31,562.04,542.1478,0.9176580466250045
2000,3,10,2000-09-30,1998-03-31,585.31,542.1478,0.203950088300201
2000,3,9,2000-09-30,1998-06-30,609.84,542.1478,0.03470346707961386
2000,3,8,2000-09-30,1998-09-30,630.95,542.1478,0.00670845464212727
2000,3,7,2000-09-30,1998-12-31,653.37,542.1478,3.1015075610380194e-5
2000,3,6,2000-09-30,1999-03-31,670.31,542.1478,0
2000,3,5,2000-09-30,1999-06-30,687.88,542.1478,0
2000,3,4,2000-09-30,1999-09-30,707.2,542.1478,0
2000,3,3,2000-09-30,1999-12-31,727.62,542.1478,0
2000,3,2,2000-09-30,2000-03-31,745.09,542.1478,0
2000,3,1,2000-09-30,2000-06-30,767.85,542.1478,0
2000,3,0,2000-09-30,2000-09-30,790.43,542.1478,0
2000,4,12,2000-12-31,1997-12-31,562.04,567.6604,3.6822609245069264
2000,4,11,2000-12-31,1998-03-31,585.31,567.6604,1.2769737056863963
2000,4,10,2000-12-31,1998-06-30,609.84,567.6604,0.2460585825458374
2000,4,9,2000-12-31,1998-09-30,630.95,567.6604,0.0914857703406767
2000,4,8,2000-12-31,1998-12-31,653.37,567.6604,0.005035118519433
2000,4,7,2000-12-31,1999-03-31,670.31,567.6604,0
2000,4,6,2000-12-31,1999-06-30,687.88,567.6604,0
2000,4,5,2000-12-31,1999-09-30,707.2,567.6604,0
2000,4,4,2000-12-31,1999-12-31,727.62,567.6604,0
2000,4,3,2000-12-31,2000-03-31,745.09,567.6604,0
2000,4,2,2000-12-31,2000-06-30,767.85,567.6604,0
2000,4,1,2000-12-31,2000-09-30,790.43,567.6604,0
2000,4,0,2000-12-31,2000-12-31,816.76,567.6604,0
2001,1,12,2001-03-31,1998-03-31,585.31,591.1631,3.561313694261691
2001,1,11,2001-03-31,1998-06-30,609.84,591.1631,1.2383729640177419
2001,1,10,2001-03-31,1998-09-30,630.95,591.1631,0.6915865517218617
2001,1,9,2001-03-31,1998-12-31,653.37,591.1631,0.0962401364012409
2001,1,8,2001-03-31,1999-03-31,670.31,591.1631,0.015377687325196284
2001,1,7,2001-03-31,1999-06-30,687.88,591.1631,2.875813786930017e-4
2001,1,6,2001-03-31,1999-09-30,707.2,591.1631,0
2001,1,5,2001-03-31,1999-12-31,727.62,591.1631,0
2001,1,4,2001-03-31,2000-03-31,745.09,591.1631,0
2001,1,3,2001-03-31,2000-06-30,767.85,591.1631,0
2001,1,2,2001-03-31,2000-09-30,790.43,591.1631,0
2001,1,1,2001-03-31,2000-12-31,816.76,591.1631,0
2001,1,0,2001-03-31,2001-03-31,836.04,591.1631,0
2001,2,12,2001-06-30,1998-06-30,609.84,615.9384,3.8475436176151976
2001,2,11,2001-06-30,1998-09-30,630.95,615.9384,2.770014843333239
2001,2,10,2001-06-30,1998-12-31,653.37,615.9384,0.8900147280434545
2001,2,9,2001-06-30,1999-03-31,670.31,615.9384,0.25628208653612344
2001,2,8,2001-06-30,1999-06-30,687.88,615.9384,0.027369950490702677
2001,2,7,2001-06-30,1999-09-30,707.2,615.9384,0.003241361063476694
2001,2,6,2001-06-30,1999-12-31,727.62,615.9384,0
2001,2,5,2001-06-30,2000-03-31,745.09,615.9384,0
2001,2,4,2001-06-30,2000-06-30,767.85,615.9384,0
2001,2,3,2001-06-30,2000-09-30,790.43,615.9384,0
2001,2,2,2001-06-30,2000-12-31,816.76,615.9384,0
2001,2,1,2001-06-30,2001-03-31,836.04,615.9384,0
2001,2,0,2001-06-30,2001-06-30,856.72,615.9384,0
2001,3,12,2001-09-30,1998-09-30,630.95,637.2595,6.121252608304236
2001,3,11,2001-09-30,1998-12-31,653.37,637.2595,2.4204872118902085
2001,3,10,2001-09-30,1999-03-31,670.31,637.2595,1.1017670243161983
2001,3,9,2001-09-30,1999-06-30,687.88,637.2595,0.3147342928818176
2001,3,8,2001-09-30,1999-09-30,707.2,637.2595,0.041452933192707764
2001,3,7,2001-09-30,1999-12-31,727.62,637.2595,0.0018379247311250651
2001,3,6,2001-09-30,2000-03-31,745.09,637.2595,0
2001,3,5,2001-09-30,2000-06-30,767.85,637.2595,0
2001,3,4,2001-09-30,2000-09-30,790.43,637.2595,0
2001,3,3,2001-09-30,2000-12-31,816.76,637.2595,0
2001,3,2,2001-09-30,2001-03-31,836.04,637.2595,0
2001,3,1,2001-09-30,2001-06-30,856.72,637.2595,0
2001,3,0,2001-09-30,2001-09-30,870.39,637.2595,0
2001,4,12,2001-12-31,1998-12-31,653.37,659.9037,6.136895295033697
2001,4,11,2001-12-31,1999-03-31,670.31,659.9037,3.3089814569033402
2001,4,10,2001-12-31,1999-06-30,687.88,659.9037,1.3332045350629962
2001,4,9,2001-12-31,1999-09-30,707.2,659.9037,0.2644694896172294
2001,4,8,2001-12-31,1999-12-31,727.62,659.9037,0.03187186567995897
2001,4,7,2001-12-31,2000-03-31,745.09,659.9037,0
2001,4,6,2001-12-31,2000-06-30,767.85,659.9037,0
2001,4,5,2001-12-31,2000-09-30,790.43,659.9037,0
2001,4,4,2001-12-31,2000-12-31,816.76,659.9037,0
2001,4,3,2001-12-31,2001-03-31,836.04,659.9037,0
2001,4,2,2001-12-31,2001-06-30,856.72,659.9037,0
2001,4,1,2001-12-31,2001-09-30,870.39,659.9037,0
2001,4,0,2001-12-31,2001-12-31,876.22,659.9037,0
2002,1,12,2002-03-31,1999-03-31,670.31,677.0130999999999,6.234102894287122
2002,1,11,2002-03-31,1999-06-30,687.88,677.0130999999999,2.9676775165627345
2002,1,10,2002-03-31,1999-09-30,707.2,677.0130999999999,1.0217614670122142
2002,1,9,2002-03-31,1999-12-31,727.62,677.0130999999999,0.2145667963997981
2002,1,8,2002-03-31,2000-03-31,745.09,677.0130999999999,0.01665060525152149
2002,1,7,2002-03-31,2000-06-30,767.85,677.0130999999999,0
2002,1,6,2002-03-31,2000-09-30,790.43,677.0130999999999,0
2002,1,5,2002-03-31,2000-12-31,816.76,677.0130999999999,0
2002,1,4,2002-03-31,2001-03-31,836.04,677.0130999999999,0
2002,1,3,2002-03-31,2001-06-30,856.72,677.0130999999999,0
2002,1,2,2002-03-31,2001-09-30,870.39,677.0130999999999,0
2002,1,1,2002-03-31,2001-12-31,876.22,677.0130999999999,0
2002,1,0,2002-03-31,2002-03-31,889.47,677.0130999999999,0
2002,2,12,2002-06-30,1999-06-30,687.88,694.7588,5.661832518982462
2002,2,11,2002-06-30,1999-09-30,707.2,694.7588,2.223665966365857
2002,2,10,2002-06-30,1999-12-31,727.62,694.7588,0.5644872592916996
2002,2,9,2002-06-30,2000-03-31,745.09,694.7588,0.1233446057767272
2002,2,8,2002-06-30,2000-06-30,767.85,694.7588,0.008316060150735046
2002,2,7,2002-06-30,2000-09-30,790.43,694.7588,0
2002,2,6,2002-06-30,2000-12-31,816.76,694.7588,0
2002,2,5,2002-06-30,2001-03-31,836.04,694.7588,0
2002,2,4,2002-06-30,2001-06-30,856.72,694.7588,0
2002,2,3,2002-06-30,2001-09-30,870.39,694.7588,0
2002,2,2,2002-06-30,2001-12-31,876.22,694.7588,0
2002,2,1,2002-06-30,2002-03-31,889.47,694.7588,0
2002,2,0,2002-06-30,2002-06-30,903.8,694.7588,0
2002,3,12,2002-09-30,1999-09-30,707.2,714.272,4.633285616529285
2002,3,11,2002-09-30,1999-12-31,727.62,714.272,1.778441017317219
2002,3,10,2002-09-30,2000-03-31,745.09,714.272,0.530926359505032
2002,3,9,2002-09-30,2000-06-30,767.85,714.272,0.0774931199358753
2002,3,8,2002-09-30,2000-09-30,790.43,714.272,0.007343912599816352
2002,3,7,2002-09-30,2000-12-31,816.76,714.272,9.736434426157864e-4
2002,3,6,2002-09-30,2001-03-31,836.04,714.272,0
2002,3,5,2002-09-30,2001-06-30,856.72,714.272,0
2002,3,4,2002-09-30,2001-09-30,870.39,714.272,0
2002,3,3,2002-09-30,2001-12-31,876.22,714.272,0
2002,3,2,2002-09-30,2002-03-31,889.47,714.272,0
2002,3,1,2002-09-30,2002-06-30,903.8,714.272,0
2002,3,0,2002-09-30,2002-09-30,919.97,714.272,0
2002,4,12,2002-12-31,1999-12-31,727.62,734.8962,4.001621569485635
2002,4,11,2002-12-31,2000-03-31,745.09,734.8962,1.668352645934955
2002,4,10,2002-12-31,2000-06-30,767.85,734.8962,0.41750512807922197
2002,4,9,2002-12-31,2000-09-30,790.43,734.8962,0.039751488842505414
2002,4,8,2002-12-31,2000-12-31,816.76,734.8962,0.005043165293688197
2002,4,7,2002-12-31,2001-03-31,836.04,734.8962,0
2002,4,6,2002-12-31,2001-06-30,856.72,734.8962,0
2002,4,5,2002-12-31,2001-09-30,870.39,734.8962,0
2002,4,4,2002-12-31,2001-12-31,876.22,734.8962,0
2002,4,3,2002-12-31,2002-03-31,889.47,734.8962,0
2002,4,2,2002-12-31,2002-06-30,903.8,734.8962,0
2002,4,1,2002-12-31,2002-09-30,919.97,734.8962,0
2002,4,0,2002-12-31,2002-12-31,935.34,734.8962,0
2003,1,12,2003-03-31,2000-03-31,745.09,752.5409000000001,3.092278958965329
2003,1,11,2003-03-31,2000-06-30,767.85,752.5409000000001,0.9817391312598888
2003,1,10,2003-03-31,2000-09-30,790.43,752.5409000000001,0.2807278064140252
2003,1,9,2003-03-31,2000-12-31,816.76,752.5409000000001,0.0929637452740963
2003,1,8,2003-03-31,2001-03-31,836.04,752.5409000000001,0.03707456624034186
2003,1,7,2003-03-31,2001-06-30,856.72,752.5409000000001,0.004794858134820775
2003,1,6,2003-03-31,2001-09-30,870.39,752.5409000000001,0
2003,1,5,2003-03-31,2001-12-31,876.22,752.5409000000001,0
2003,1,4,2003-03-31,2002-03-31,889.47,752.5409000000001,0
2003,1,3,2003-03-31,2002-06-30,903.8,752.5409000000001,0
2003,1,2,2003-03-31,2002-09-30,919.97,752.5409000000001,0
2003,1,1,2003-03-31,2002-12-31,935.34,752.5409000000001,0
2003,1,0,2003-03-31,2003-03-31,952.96,752.5409000000001,0
2003,2,12,2003-06-30,2000-06-30,767.85,775.5285,2.4088383686371393
2003,2,11,2003-06-30,2000-09-30,790.43,775.5285,0.7990778066371131
2003,2,10,2003-06-30,2000-12-31,816.76,775.5285,0.5244164683062525
2003,2,9,2003-06-30,2001-03-31,836.04,775.5285,0.2836180659464469
2003,2,8,2003-06-30,2001-06-30,856.72,775.5285,0.05315847428333669
2003,2,7,2003-06-30,2001-09-30,870.39,775.5285,0.03133275925222418
2003,2,6,2003-06-30,2001-12-31,876.22,775.5285,0
2003,2,5,2003-06-30,2002-03-31,889.47,775.5285,0
2003,2,4,2003-06-30,2002-06-30,903.8,775.5285,0
2003,2,3,2003-06-30,2002-09-30,919.97,775.5285,0
2003,2,2,2003-06-30,2002-12-31,935.34,775.5285,0
2003,2,1,2003-06-30,2003-03-31,952.96,775.5285,0
2003,2,0,2003-06-30,2003-06-30,972.85,775.5285,0
2003,3,12,2003-09-30,2000-09-30,790.43,798.3343,2.0988473512115218
2003,3,11,2003-09-30,2000-12-31,816.76,798.3343,1.4567631536551324
2003,3,10,2003-09-30,2001-03-31,836.04,798.3343,1.1345581188315097
2003,3,9,2003-09-30,2001-06-30,856.72,798.3343,0.4618871063147004
2003,3,8,2003-09-30,2001-09-30,870.39,798.3343,0.4582306635150554
2003,3,7,2003-09-30,2001-12-31,876.22,798.3343,0.24167322611550307
2003,3,6,2003-09-30,2002-03-31,889.47,798.3343,0.00936973629476734
2003,3,5,2003-09-30,2002-06-30,903.8,798.3343,0
2003,3,4,2003-09-30,2002-09-30,919.97,798.3343,0
2003,3,3,2003-09-30,2002-12-31,935.34,798.3343,0
2003,3,2,2003-09-30,2003-03-31,952.96,798.3343,0
2003,3,1,2003-09-30,2003-06-30,972.85,798.3343,0
2003,3,0,2003-09-30,2003-09-30,992.06,798.3343,0
2003,4,12,2003-12-31,2000-12-31,816.76,824.9276,3.5519859538110468
2003,4,11,2003-12-31,2001-03-31,836.04,824.9276,3.557979242236541
2003,4,10,2003-12-31,2001-06-30,856.72,824.9276,2.3057290443253695
2003,4,9,2003-12-31,2001-09-30,870.39,824.9276,2.3668320194191725
2003,4,8,2003-12-31,2001-12-31,876.22,824.9276,2.4349018822357613
2003,4,7,2003-12-31,2002-03-31,889.47,824.9276,0.7786087541111139
2003,4,6,2003-12-31,2002-06-30,903.8,824.9276,0.11079283067160413
2003,4,5,2003-12-31,2002-09-30,919.97,824.9276,0.003881527780216484
2003,4,4,2003-12-31,2002-12-31,935.34,824.9276,0
2003,4,3,2003-12-31,2003-03-31,952.96,824.9276,0
2003,4,2,2003-12-31,2003-06-30,972.85,824.9276,0
2003,4,1,2003-12-31,2003-09-30,992.06,824.9276,0
2003,4,0,2003-12-31,2003-12-31,1019.49,824.9276,0
2004,1,12,2004-03-31,2001-03-31,836.04,844.4004,6.647585780716942
2004,1,11,2004-03-31,2001-06-30,856.72,844.4004,4.458114307128431
2004,1,10,2004-03-31,2001-09-30,870.39,844.4004,6.225006080061413
2004,1,9,2004-03-31,2001-12-31,876.22,844.4004,6.9306295537185845
2004,1,8,2004-03-31,2002-03-31,889.47,844.4004,3.3099099388253346
2004,1,7,2004-03-31,2002-06-30,903.8,844.4004,1.2619817242635747
2004,1,6,2004-03-31,2002-09-30,919.97,844.4004,0.1519700801977298
2004,1,5,2004-03-31,2002-12-31,935.34,844.4004,0.015992711492728042
2004,1,4,2004-03-31,2003-03-31,952.96,844.4004,0
2004,1,3,2004-03-31,2003-06-30,972.85,844.4004,0
2004,1,2,2004-03-31,2003-09-30,992.06,844.4004,0
2004,1,1,2004-03-31,2003-12-31,1019.49,844.4004,0
2004,1,0,2004-03-31,2004-03-31,1045.63,844.4004,0
2004,2,12,2004-06-30,2001-06-30,856.72,865.2872,8.434706368070358
2004,2,11,2004-06-30,2001-09-30,870.39,865.2872,12.098476973829271
2004,2,10,2004-06-30,2001-12-31,876.22,865.2872,13.56697862679337
2004,2,9,2004-06-30,2002-03-31,889.47,865.2872,9.598819110213915
2004,2,8,2004-06-30,2002-06-30,903.8,865.2872,5.294849417537137
2004,2,7,2004-06-30,2002-09-30,919.97,865.2872,2.15769871995391
2004,2,6,2004-06-30,2002-12-31,935.34,865.2872,0.4407356766741532
2004,2,5,2004-06-30,2003-03-31,952.96,865.2872,0.04819989921277047
2004,2,4,2004-06-30,2003-06-30,972.85,865.2872,0
2004,2,3,2004-06-30,2003-09-30,992.06,865.2872,0
2004,2,2,2004-06-30,2003-12-31,1019.49,865.2872,0
2004,2,1,2004-06-30,2004-03-31,1045.63,865.2872,0
2004,2,0,2004-06-30,2004-06-30,1078.32,865.2872,0
2004,3,12,2004-09-30,2001-09-30,870.39,879.0939,17.69925542544019
2004,3,11,2004-09-30,2001-12-31,876.22,879.0939,20.245574393577233
2004,3,10,2004-09-30,2002-03-31,889.47,879.0939,14.796668346341901
2004,3,9,2004-09-30,2002-06-30,903.8,879.0939,10.424138964365923
2004,3,8,2004-09-30,2002-09-30,919.97,879.0939,5.7263523349783725
2004,3,7,2004-09-30,2002-12-31,935.34,879.0939,2.7130252528306062
2004,3,6,2004-09-30,2003-03-31,952.96,879.0939,0.3595214342705616
2004,3,5,2004-09-30,2003-06-30,972.85,879.0939,0.04318951194555227
2004,3,4,2004-09-30,2003-09-30,992.06,879.0939,0
2004,3,3,2004-09-30,2003-12-31,1019.49,879.0939,0
2004,3,2,2004-09-30,2004-03-31,1045.63,879.0939,0
2004,3,1,2004-09-30,2004-06-30,1078.32,879.0939,0
2004,3,0,2004-09-30,2004-09-30,1115.23,879.0939,0
2004,4,12,2004-12-31,2001-12-31,876.22,884.9822,24.647997263805042
2004,4,11,2004-12-31,2002-03-31,889.47,884.9822,19.20904619523318
2004,4,10,2004-12-31,2002-06-30,903.8,884.9822,13.95640735411705
2004,4,9,2004-12-31,2002-09-30,919.97,884.9822,8.319678929067432
2004,4,8,2004-12-31,2002-12-31,935.34,884.9822,5.804237030569541
2004,4,7,2004-12-31,2003-03-31,952.96,884.9822,1.9324094674761703
2004,4,6,2004-12-31,2003-06-30,972.85,884.9822,0.2159121345508181
2004,4,5,2004-12-31,2003-09-30,992.06,884.9822,0.005020728687466158
2004,4,4,2004-12-31,2003-12-31,1019.49,884.9822,0
2004,4,3,2004-12-31,2004-03-31,1045.63,884.9822,0
2004,4,2,2004-12-31,2004-06-30,1078.32,884.9822,0
2004,4,1,2004-12-31,2004-09-30,1115.23,884.9822,0
2004,4,0,2004-12-31,2004-12-31,1167.18,884.9822,0
2005,1,12,2005-03-31,2002-03-31,889.47,898.3647000000001,26.26571267720035
2005,1,11,2005-03-31,2002-06-30,903.8,898.3647000000001,20.00310820607134
2005,1,10,2005-03-31,2002-09-30,919.97,898.3647000000001,14.192056940120228
2005,1,9,2005-03-31,2002-12-31,935.34,898.3647000000001,10.59911158926513
2005,1,8,2005-03-31,2003-03-31,952.96,898.3647000000001,5.427057046255426
2005,1,7,2005-03-31,2003-06-30,972.85,898.3647000000001,1.7991912174341393
2005,1,6,2005-03-31,2003-09-30,992.06,898.3647000000001,0.13238247527733085
2005,1,5,2005-03-31,2003-12-31,1019.49,898.3647000000001,0.0025186753327221274
2005,1,4,2005-03-31,2004-03-31,1045.63,898.3647000000001,0
2005,1,3,2005-03-31,2004-06-30,1078.32,898.3647000000001,0
2005,1,2,2005-03-31,2004-09-30,1115.23,898.3647000000001,0
2005,1,1,2005-03-31,2004-12-31,1167.18,898.3647000000001,0
2005,1,0,2005-03-31,2005-03-31,1208.17,898.3647000000001,0
2005,2,12,2005-06-30,2002-06-30,903.8,912.838,27.379210771026784
2005,2,11,2005-06-30,2002-09-30,919.97,912.838,21.422768481206337
2005,2,10,2005-06-30,2002-12-31,935.34,912.838,18.463289842521323
2005,2,9,2005-06-30,2003-03-31,952.96,912.838,10.801307325857948
2005,2,8,2005-06-30,2003-06-30,972.85,912.838,5.537455825261683
2005,2,7,2005-06-30,2003-09-30,992.06,912.838,1.4224948601528458
2005,2,6,2005-06-30,2003-12-31,1019.49,912.838,0.06276488613483912
2005,2,5,2005-06-30,2004-03-31,1045.63,912.838,6.840073512227009e-4
2005,2,4,2005-06-30,2004-06-30,1078.32,912.838,0
2005,2,3,2005-06-30,2004-09-30,1115.23,912.838,0
2005,2,2,2005-06-30,2004-12-31,1167.18,912.838,0
2005,2,1,2005-06-30,2005-03-31,1208.17,912.838,0
2005,2,0,2005-06-30,2005-06-30,1272.64,912.838,0
2005,3,12,2005-09-30,2002-09-30,919.97,929.1697,30.090464751438976
2005,3,11,2005-09-30,2002-12-31,935.34,929.1697,27.139054492899405
2005,3,10,2005-09-30,2003-03-31,952.96,929.1697,18.852042454995654
2005,3,9,2005-09-30,2003-06-30,972.85,929.1697,10.95851815883499
2005,3,8,2005-09-30,2003-09-30,992.06,929.1697,5.355127331177121
2005,3,7,2005-09-30,2003-12-31,1019.49,929.1697,1.0423183426949088
2005,3,6,2005-09-30,2004-03-31,1045.63,929.1697,0.03824447502952021
2005,3,5,2005-09-30,2004-06-30,1078.32,929.1697,0
2005,3,4,2005-09-30,2004-09-30,1115.23,929.1697,0
2005,3,3,2005-09-30,2004-12-31,1167.18,929.1697,0
2005,3,2,2005-09-30,2005-03-31,1208.17,929.1697,0
2005,3,1,2005-09-30,2005-06-30,1272.64,929.1697,0
2005,3,0,2005-09-30,2005-09-30,1329.17,929.1697,0
2005,4,12,2005-12-31,2002-12-31,935.34,944.6934,36.84250577219179
2005,4,11,2005-12-31,2003-03-31,952.96,944.6934,27.103456188376736
2005,4,10,2005-12-31,2003-06-30,972.85,944.6934,19.441545366918863
2005,4,9,2005-12-31,2003-09-30,992.06,944.6934,10.60668917352442
2005,4,8,2005-12-31,2003-12-31,1019.49,944.6934,3.9190153351641692
2005,4,7,2005-12-31,2004-03-31,1045.63,944.6934,0.6456661500745243
2005,4,6,2005-12-31,2004-06-30,1078.32,944.6934,0.01090081350165641
2005,4,5,2005-12-31,2004-09-30,1115.23,944.6934,0
2005,4,4,2005-12-31,2004-12-31,1167.18,944.6934,0
2005,4,3,2005-12-31,2005-03-31,1208.17,944.6934,0
2005,4,2,2005-12-31,2005-06-30,1272.64,944.6934,0
2005,4,1,2005-12-31,2005-09-30,1329.17,944.6934,0
2005,4,0,2005-12-31,2005-12-31,1401.33,944.6934,0
2006,1,12,2006-03-31,2003-03-31,952.96,962.4896,38.55194775068556
2006,1,11,2006-03-31,2003-06-30,972.85,962.4896,30.218761810393538
2006,1,10,2006-03-31,2003-09-30,992.06,962.4896,20.129531713257016
2006,1,9,2006-03-31,2003-12-31,1019.49,962.4896,9.308935519956295
2006,1,8,2006-03-31,2004-03-31,1045.63,962.4896,2.982013678742392
2006,1,7,2006-03-31,2004-06-30,1078.32,962.4896,0.2730055304967128
2006,1,6,2006-03-31,2004-09-30,1115.23,962.4896,0
2006,1,5,2006-03-31,2004-12-31,1167.18,962.4896,0
2006,1,4,2006-03-31,2005-03-31,1208.17,962.4896,0
2006,1,3,2006-03-31,2005-06-30,1272.64,962.4896,0
2006,1,2,2006-03-31,2005-09-30,1329.17,962.4896,0
2006,1,1,2006-03-31,2005-12-31,1401.33,962.4896,0
2006,1,0,2006-03-31,2006-03-31,1452.05,962.4896,0
2006,2,12,2006-06-30,2003-06-30,972.85,982.5785000000001,43.14244913945116
2006,2,11,2006-06-30,2003-09-30,992.06,982.5785000000001,31.69571319481862
2006,2,10,2006-06-30,2003-12-31,1019.49,982.5785000000001,17.90792403369489
2006,2,9,2006-06-30,2004-03-31,1045.63,982.5785000000001,7.897927328593138
2006,2,8,2006-06-30,2004-06-30,1078.32,982.5785000000001,1.6377725617999537
2006,2,7,2006-06-30,2004-09-30,1115.23,982.5785000000001,0.062159425358561976
2006,2,6,2006-06-30,2004-12-31,1167.18,982.5785000000001,0
2006,2,5,2006-06-30,2005-03-31,1208.17,982.5785000000001,0
2006,2,4,2006-06-30,2005-06-30,1272.64,982.5785000000001,0
2006,2,3,2006-06-30,2005-09-30,1329.17,982.5785000000001,0
2006,2,2,2006-06-30,2005-12-31,1401.33,982.5785000000001,0
2006,2,1,2006-06-30,2006-03-31,1452.05,982.5785000000001,0
2006,2,0,2006-06-30,2006-06-30,1510.32,982.5785000000001,0
2006,3,12,2006-09-30,2003-09-30,992.06,1001.9806,43.85140502159109
2006,3,11,2006-09-30,2003-12-31,1019.49,1001.9806,28.635446745084604
2006,3,10,2006-09-30,2004-03-31,1045.63,1001.9806,16.305715692049635
2006,3,9,2006-09-30,2004-06-30,1078.32,1001.9806,4.749629103759467
2006,3,8,2006-09-30,2004-09-30,1115.23,1001.9806,0.5529803614761077
2006,3,7,2006-09-30,2004-12-31,1167.18,1001.9806,0.004242385716628607
2006,3,6,2006-09-30,2005-03-31,1208.17,1001.9806,0
2006,3,5,2006-09-30,2005-06-30,1272.64,1001.9806,0
2006,3,4,2006-09-30,2005-09-30,1329.17,1001.9806,0
2006,3,3,2006-09-30,2005-12-31,1401.33,1001.9806,0
2006,3,2,2006-09-30,2006-03-31,1452.05,1001.9806,0
2006,3,1,2006-09-30,2006-06-30,1510.32,1001.9806,0
2006,3,0,2006-09-30,2006-09-30,1563.35,1001.9806,0
2006,4,12,2006-12-31,2003-12-31,1019.49,1029.6849,45.77375404000449
2006,4,11,2006-12-31,2004-03-31,1045.63,1029.6849,30.43282330893099
2006,4,10,2006-12-31,2004-06-30,1078.32,1029.6849,11.965666596090102
2006,4,9,2006-12-31,2004-09-30,1115.23,1029.6849,2.9559234612650287
2006,4,8,2006-12-31,2004-12-31,1167.18,1029.6849,0.1689559417324203
2006,4,7,2006-12-31,2005-03-31,1208.17,1029.6849,0.004045703238828285
2006,4,6,2006-12-31,2005-06-30,1272.64,1029.6849,0
2006,4,5,2006-12-31,2005-09-30,1329.17,1029.6849,0
2006,4,4,2006-12-31,2005-12-31,1401.33,1029.6849,0
2006,4,3,2006-12-31,2006-03-31,1452.05,1029.6849,0
2006,4,2,2006-12-31,2006-06-30,1510.32,1029.6849,0
2006,4,1,2006-12-31,2006-09-30,1563.35,1029.6849,0
2006,4,0,2006-12-31,2006-12-31,1633.91,1029.6849,0
2007,1,12,2007-03-31,2004-03-31,1045.63,1056.0863000000002,47.07650128554722
2007,1,11,2007-03-31,2004-06-30,1078.32,1056.0863000000002,23.736744334194437
2007,1,10,2007-03-31,2004-09-30,1115.23,1056.0863000000002,8.18069176256927
2007,1,9,2007-03-31,2004-12-31,1167.18,1056.0863000000002,1.0532803065751626
2007,1,8,2007-03-31,2005-03-31,1208.17,1056.0863000000002,0.07414246815465605
2007,1,7,2007-03-31,2005-06-30,1272.64,1056.0863000000002,0
2007,1,6,2007-03-31,2005-09-30,1329.17,1056.0863000000002,0
2007,1,5,2007-03-31,2005-12-31,1401.33,1056.0863000000002,0
2007,1,4,2007-03-31,2006-03-31,1452.05,1056.0863000000002,0
2007,1,3,2007-03-31,2006-06-30,1510.32,1056.0863000000002,0
2007,1,2,2007-03-31,2006-09-30,1563.35,1056.0863000000002,0
2007,1,1,2007-03-31,2006-12-31,1633.91,1056.0863000000002,0
2007,1,0,2007-03-31,2007-03-31,1693.13,1056.0863000000002,0
2007,2,12,2007-06-30,2004-06-30,1078.32,1089.1032,41.03309815540186
2007,2,11,2007-06-30,2004-09-30,1115.23,1089.1032,18.078222478100038
2007,2,10,2007-06-30,2004-12-31,1167.18,1089.1032,3.7973779213754932
2007,2,9,2007-06-30,2005-03-31,1208.17,1089.1032,0.6743427270117601
2007,2,8,2007-06-30,2005-06-30,1272.64,1089.1032,8.067829816557718e-4
2007,2,7,2007-06-30,2005-09-30,1329.17,1089.1032,0
2007,2,6,2007-06-30,2005-12-31,1401.33,1089.1032,0
2007,2,5,2007-06-30,2006-03-31,1452.05,1089.1032,0
2007,2,4,2007-06-30,2006-06-30,1510.32,1089.1032,0
2007,2,3,2007-06-30,2006-09-30,1563.35,1089.1032,0
2007,2,2,2007-06-30,2006-12-31,1633.91,1089.1032,0
2007,2,1,2007-06-30,2007-03-31,1693.13,1089.1032,0
2007,2,0,2007-06-30,2007-06-30,1770.9,1089.1032,0
2007,3,12,2007-09-30,2004-09-30,1115.23,1126.3823,35.95311590953559
2007,3,11,2007-09-30,2004-12-31,1167.18,1126.3823,11.224991380398892
2007,3,10,2007-09-30,2005-03-31,1208.17,1126.3823,2.8259487192721235
2007,3,9,2007-09-30,2005-06-30,1272.64,1126.3823,0.19859831200344083
2007,3,8,2007-09-30,2005-09-30,1329.17,1126.3823,0.002775084959240362
2007,3,7,2007-09-30,2005-12-31,1401.33,1126.3823,0
2007,3,6,2007-09-30,2006-03-31,1452.05,1126.3823,0
2007,3,5,2007-09-30,2006-06-30,1510.32,1126.3823,0
2007,3,4,2007-09-30,2006-09-30,1563.35,1126.3823,0
2007,3,3,2007-09-30,2006-12-31,1633.91,1126.3823,0
2007,3,2,2007-09-30,2007-03-31,1693.13,1126.3823,0
2007,3,1,2007-09-30,2007-06-30,1770.9,1126.3823,0
2007,3,0,2007-09-30,2007-09-30,1834.02,1126.3823,0
2007,4,12,2007-12-31,2004-12-31,1167.18,1178.8518000000001,30.335384630209717
2007,4,11,2007-12-31,2005-03-31,1208.17,1178.8518000000001,11.29577381677206
2007,4,10,2007-12-31,2005-06-30,1272.64,1178.8518000000001,2.054320130950007
2007,4,9,2007-12-31,2005-09-30,1329.17,1178.8518000000001,0.11605290322833346
2007,4,8,2007-12-31,2005-12-31,1401.33,1178.8518000000001,0.007400213120241661
2007,4,7,2007-12-31,2006-03-31,1452.05,1178.8518000000001,0
2007,4,6,2007-12-31,2006-06-30,1510.32,1178.8518000000001,0
2007,4,5,2007-12-31,2006-09-30,1563.35,1178.8518000000001,0
2007,4,4,2007-12-31,2006-12-31,1633.91,1178.8518000000001,0
2007,4,3,2007-12-31,2007-03-31,1693.13,1178.8518000000001,0
2007,4,2,2007-12-31,2007-06-30,1770.9,1178.8518000000001,0
2007,4,1,2007-12-31,2007-09-30,1834.02,1178.8518000000001,0
2007,4,0,2007-12-31,2007-12-31,1892.85,1178.8518000000001,0
2008,1,12,2008-03-31,2005-03-31,1208.17,1220.2517,25.144453693126092
2008,1,11,2008-03-31,2005-06-30,1272.64,1220.2517,6.607744199546216
2008,1,10,2008-03-31,2005-09-30,1329.17,1220.2517,0.9585453410865729
2008,1,9,2008-03-31,2005-12-31,1401.33,1220.2517,0.049228073049182676
2008,1,8,2008-03-31,2006-03-31,1452.05,1220.2517,0
2008,1,7,2008-03-31,2006-06-30,1510.32,1220.2517,0
2008,1,6,2008-03-31,2006-09-30,1563.35,1220.2517,0
2008,1,5,2008-03-31,2006-12-31,1633.91,1220.2517,0
2008,1,4,2008-03-31,2007-03-31,1693.13,1220.2517,0
2008,1,3,2008-03-31,2007-06-30,1770.9,1220.2517,0
2008,1,2,2008-03-31,2007-09-30,1834.02,1220.2517,0
2008,1,1,2008-03-31,2007-12-31,1892.85,1220.2517,0
2008,1,0,2008-03-31,2008-03-31,1923.11,1220.2517,0
2008,2,12,2008-06-30,2005-06-30,1272.64,1285.3664,22.676213784395163
2008,2,11,2008-06-30,2005-09-30,1329.17,1285.3664,6.089364058698961
2008,2,10,2008-06-30,2005-12-31,1401.33,1285.3664,0.7701468872708996
2008,2,9,2008-06-30,2006-03-31,1452.05,1285.3664,0.06359814270592676
2008,2,8,2008-06-30,2006-06-30,1510.32,1285.3664,0.0023029547333695017
2008,2,7,2008-06-30,2006-09-30,1563.35,1285.3664,0
2008,2,6,2008-06-30,2006-12-31,1633.91,1285.3664,0
2008,2,5,2008-06-30,2007-03-31,1693.13,1285.3664,0
2008,2,4,2008-06-30,2007-06-30,1770.9,1285.3664,0
2008,2,3,2008-06-30,2007-09-30,1834.02,1285.3664,0
2008,2,2,2008-06-30,2007-12-31,1892.85,1285.3664,0
2008,2,1,2008-06-30,2008-03-31,1923.11,1285.3664,0
2008,2,0,2008-06-30,2008-06-30,1933.94,1285.3664,0
2008,3,12,2008-09-30,2005-09-30,1329.17,1342.4617,17.352673318134872
2008,3,11,2008-09-30,2005-12-31,1401.33,1342.4617,3.873502951462069
2008,3,10,2008-09-30,2006-03-31,1452.05,1342.4617,0.7031263708452704
2008,3,9,2008-09-30,2006-06-30,1510.32,1342.4617,0.06896690272580475
2008,3,8,2008-09-30,2006-09-30,1563.35,1342.4617,0.0010856702293431813
2008,3,7,2008-09-30,2006-12-31,1633.91,1342.4617,0
2008,3,6,2008-09-30,2007-03-31,1693.13,1342.4617,0
2008,3,5,2008-09-30,2007-06-30,1770.9,1342.4617,0
2008,3,4,2008-09-30,2007-09-30,1834.02,1342.4617,0
2008,3,3,2008-09-30,2007-12-31,1892.85,1342.4617,0
2008,3,2,2008-09-30,2008-03-31,1923.11,1342.4617,0
2008,3,1,2008-09-30,2008-06-30,1933.94,1342.4617,0
2008,3,0,2008-09-30,2008-09-30,1930.61,1342.4617,0
2008,4,12,2008-12-31,2005-12-31,1401.33,1415.3433,15.429716471777672
2008,4,11,2008-12-31,2006-03-31,1452.05,1415.3433,4.700428667007763
2008,4,10,2008-12-31,2006-06-30,1510.32,1415.3433,0.9597140936916152
2008,4,9,2008-12-31,2006-09-30,1563.35,1415.3433,0.08144028702288283
2008,4,8,2008-12-31,2006-12-31,1633.91,1415.3433,0.001754529822076979
2008,4,7,2008-12-31,2007-03-31,1693.13,1415.3433,0
2008,4,6,2008-12-31,2007-06-30,1770.9,1415.3433,0
2008,4,5,2008-12-31,2007-09-30,1834.02,1415.3433,0
2008,4,4,2008-12-31,2007-12-31,1892.85,1415.3433,0
2008,4,3,2008-12-31,2008-03-31,1923.11,1415.3433,0
2008,4,2,2008-12-31,2008-06-30,1933.94,1415.3433,0
2008,4,1,2008-12-31,2008-09-30,1930.61,1415.3433,0
2008,4,0,2008-12-31,2008-12-31,1770.64,1415.3433,0
2009,1,12,2009-03-31,2006-03-31,1452.05,1466.5705,11.682516624078835
2009,1,11,2009-03-31,2006-06-30,1510.32,1466.5705,3.817701373566065
2009,1,10,2009-03-31,2006-09-30,1563.35,1466.5705,1.084053106470756
2009,1,9,2009-03-31,2006-12-31,1633.91,1466.5705,0.05268140573379893
2009,1,8,2009-03-31,2007-03-31,1693.13,1466.5705,8.468541069009506e-5
2009,1,7,2009-03-31,2007-06-30,1770.9,1466.5705,0
2009,1,6,2009-03-31,2007-09-30,1834.02,1466.5705,0
2009,1,5,2009-03-31,2007-12-31,1892.85,1466.5705,0
2009,1,4,2009-03-31,2008-03-31,1923.11,1466.5705,0
2009,1,3,2009-03-31,2008-06-30,1933.94,1466.5705,0
2009,1,2,2009-03-31,2008-09-30,1930.61,1466.5705,0
2009,1,1,2009-03-31,2008-12-31,1770.64,1466.5705,0
2009,1,0,2009-03-31,2009-03-31,1640.92,1466.5705,0
2009,2,12,2009-06-30,2006-06-30,1510.32,1525.4232,10.370733453306373
2009,2,11,2009-06-30,2006-09-30,1563.35,1525.4232,3.5997636368542376
2009,2,10,2009-06-30,2006-12-31,1633.91,1525.4232,0.7047242343170824
2009,2,9,2009-06-30,2007-03-31,1693.13,1525.4232,0.08586533151128145
2009,2,8,2009-06-30,2007-06-30,1770.9,1525.4232,1.1010637439889053e-4
2009,2,7,2009-06-30,2007-09-30,1834.02,1525.4232,0
2009,2,6,2009-06-30,2007-12-31,1892.85,1525.4232,0
2009,2,5,2009-06-30,2008-03-31,1923.11,1525.4232,0
2009,2,4,2009-06-30,2008-06-30,1933.94,1525.4232,0
2009,2,3,2009-06-30,2008-09-30,1930.61,1525.4232,0
2009,2,2,2009-06-30,2008-12-31,1770.64,1525.4232,0
2009,2,1,2009-06-30,2009-03-31,1640.92,1525.4232,0
2009,2,0,2009-06-30,2009-06-30,1555.66,1525.4232,0
2009,3,12,2009-09-30,2006-09-30,1563.35,1578.9834999999998,10.584511710451185
2009,3,11,2009-09-30,2006-12-31,1633.91,1578.9834999999998,3.1497777000492535
2009,3,10,2009-09-30,2007-03-31,1693.13,1578.9834999999998,0.7257433418380428
2009,3,9,2009-09-30,2007-06-30,1770.9,1578.9834999999998,0.038949392826490424
2009,3,8,2009-09-30,2007-09-30,1834.02,1578.9834999999998,0.010360338671466428
2009,3,7,2009-09-30,2007-12-31,1892.85,1578.9834999999998,0
2009,3,6,2009-09-30,2008-03-31,1923.11,1578.9834999999998,0
2009,3,5,2009-09-30,2008-06-30,1933.94,1578.9834999999998,0
2009,3,4,2009-09-30,2008-09-30,1930.61,1578.9834999999998,0
2009,3,3,2009-09-30,2008-12-31,1770.64,1578.9834999999998,0
2009,3,2,2009-09-30,2009-03-31,1640.92,1578.9834999999998,0
2009,3,1,2009-09-30,2009-06-30,1555.66,1578.9834999999998,0
2009,3,0,2009-09-30,2009-09-30,1504.05,1578.9834999999998,74.93349999999987
2009,4,12,2009-12-31,2006-12-31,1633.91,1650.2491,10.58582553423774
2009,4,11,2009-12-31,2007-03-31,1693.13,1650.2491,3.803469816842743
2009,4,10,2009-12-31,2007-06-30,1770.9,1650.2491,0.6025094933436871
2009,4,9,2009-12-31,2007-09-30,1834.02,1650.2491,0.16784331180424195
2009,4,8,2009-12-31,2007-12-31,1892.85,1650.2491,0.023807317863633035
2009,4,7,2009-12-31,2008-03-31,1923.11,1650.2491,0.010461618424607116
2009,4,6,2009-12-31,2008-06-30,1933.94,1650.2491,0
2009,4,5,2009-12-31,2008-09-30,1930.61,1650.2491,0
2009,4,4,2009-12-31,2008-12-31,1770.64,1650.2491,0.08796735658822026
2009,4,3,2009-12-31,2009-03-31,1640.92,1650.2491,0.9992085336504829
2009,4,2,2009-12-31,2009-06-30,1555.66,1650.2491,8.700549012729166
2009,4,1,2009-12-31,2009-09-30,1504.05,1650.2491,28.589115904166214
2009,4,0,2009-12-31,2009-12-31,1472.33,1650.2491,177.91910000000007
2010,1,12,2010-03-31,2007-03-31,1693.13,1710.0613,11.111134055196677
2010,1,11,2010-03-31,2007-06-30,1770.9,1710.0613,3.241836183381638
2010,1,10,2010-03-31,2007-09-30,1834.02,1710.0613,1.5408182312625798
2010,1,9,2010-03-31,2007-12-31,1892.85,1710.0613,0.656781821562455
2010,1,8,2010-03-31,2008-03-31,1923.11,1710.0613,0.5159986255090998
2010,1,7,2010-03-31,2008-06-30,1933.94,1710.0613,0.10666531141835096
2010,1,6,2010-03-31,2008-09-30,1930.61,1710.0613,0.030976538070278965
2010,1,5,2010-03-31,2008-12-31,1770.64,1710.0613,5.724787040328692
2010,1,4,2010-03-31,2009-03-31,1640.92,1710.0613,31.544661145274553
2010,1,3,2010-03-31,2009-06-30,1555.66,1710.0613,82.74297644524897
2010,1,2,2010-03-31,2009-09-30,1504.05,1710.0613,124.3412825773981
2010,1,1,2010-03-31,2009-12-31,1472.33,1710.0613,181.91916966409144
2010,1,0,2010-03-31,2010-03-31,1483.53,1710.0613,226.5313000000001
2010,2,12,2010-06-30,2007-06-30,1770.9,1788.6090000000002,11.85221388898631
2010,2,11,2010-06-30,2007-09-30,1834.02,1788.6090000000002,6.968981511220174
2010,2,10,2010-06-30,2007-12-31,1892.85,1788.6090000000002,4.941360697344085
2010,2,9,2010-06-30,2008-03-31,1923.11,1788.6090000000002,5.679516959043525
2010,2,8,2010-06-30,2008-06-30,1933.94,1788.6090000000002,3.219519693334206
2010,2,7,2010-06-30,2008-09-30,1930.61,1788.6090000000002,3.7239952254791215
2010,2,6,2010-06-30,2008-12-31,1770.64,1788.6090000000002,61.60906782890735
2010,2,5,2010-06-30,2009-03-31,1640.92,1788.6090000000002,142.956831365154
2010,2,4,2010-06-30,2009-06-30,1555.66,1788.6090000000002,210.48688766339203
2010,2,3,2010-06-30,2009-09-30,1504.05,1788.6090000000002,251.13709222428344
2010,2,2,2010-06-30,2009-12-31,1472.33,1788.6090000000002,298.6915952184964
2010,2,1,2010-06-30,2010-03-31,1483.53,1788.6090000000002,294.33036693774545
2010,2,0,2010-06-30,2010-06-30,1532.66,1788.6090000000002,255.94900000000007
2010,3,12,2010-09-30,2007-09-30,1834.02,1852.3602,18.434339675831847
2010,3,11,2010-09-30,2007-12-31,1892.85,1852.3602,15.301941410195779
2010,3,10,2010-09-30,2008-03-31,1923.11,1852.3602,19.576156835497237
2010,3,9,2010-09-30,2008-06-30,1933.94,1852.3602,14.141087402721075
2010,3,8,2010-09-30,2008-09-30,1930.61,1852.3602,19.818640938470896
2010,3,7,2010-09-30,2008-12-31,1770.64,1852.3602,120.83355150695053
2010,3,6,2010-09-30,2009-03-31,1640.92,1852.3602,239.74403662772446
2010,3,5,2010-09-30,2009-06-30,1555.66,1852.3602,306.04714045076753
2010,3,4,2010-09-30,2009-09-30,1504.05,1852.3602,347.4341567055197
2010,3,3,2010-09-30,2009-12-31,1472.33,1852.3602,385.72884665198956
2010,3,2,2010-09-30,2010-03-31,1483.53,1852.3602,376.4174316799185
2010,3,1,2010-09-30,2010-06-30,1532.66,1852.3602,349.00846920803116
2010,3,0,2010-09-30,2010-09-30,1591.84,1852.3602,260.52020000000016
2010,4,12,2010-12-31,2007-12-31,1892.85,1911.7785,32.08687054605715
2010,4,11,2010-12-31,2008-03-31,1923.11,1911.7785,42.147946040148334
2010,4,10,2010-12-31,2008-06-30,1933.94,1911.7785,33.9415635117489
2010,4,9,2010-12-31,2008-09-30,1930.61,1911.7785,47.81478488223192
2010,4,8,2010-12-31,2008-12-31,1770.64,1911.7785,178.94756752626725
2010,4,7,2010-12-31,2009-03-31,1640.92,1911.7785,301.650253958818
2010,4,6,2010-12-31,2009-06-30,1555.66,1911.7785,385.5415095694036
2010,4,5,2010-12-31,2009-09-30,1504.05,1911.7785,425.0409940763666
2010,4,4,2010-12-31,2009-12-31,1472.33,1911.7785,457.15269085923046
2010,4,3,2010-12-31,2010-03-31,1483.53,1911.7785,446.06500548029686
2010,4,2,2010-12-31,2010-06-30,1532.66,1911.7785,410.5025281860522
2010,4,1,2010-12-31,2010-09-30,1591.84,1911.7785,376.54851239548276
2010,4,0,2010-12-31,2010-12-31,1665.42,1911.7785,246.35849999999982
2011,1,12,2011-03-31,2008-03-31,1923.11,1942.3410999999999,59.117888855396906
2011,1,11,2011-03-31,2008-06-30,1933.94,1942.3410999999999,49.771893281482384
2011,1,10,2011-03-31,2008-09-30,1930.61,1942.3410999999999,71.25245925918695
2011,1,9,2011-03-31,2008-12-31,1770.64,1942.3410999999999,211.0005963904187
2011,1,8,2011-03-31,2009-03-31,1640.92,1942.3410999999999,334.40937304334454
2011,1,7,2011-03-31,2009-06-30,1555.66,1942.3410999999999,419.4759819611285
2011,1,6,2011-03-31,2009-09-30,1504.05,1942.3410999999999,468.03629726687376
2011,1,5,2011-03-31,2009-12-31,1472.33,1942.3410999999999,495.7450132270269
2011,1,4,2011-03-31,2010-03-31,1483.53,1942.3410999999999,482.60516320597173
2011,1,3,2011-03-31,2010-06-30,1532.66,1942.3410999999999,443.02815401679374
2011,1,2,2011-03-31,2010-09-30,1591.84,1942.3410999999999,409.6869827686918
2011,1,1,2011-03-31,2010-12-31,1665.42,1942.3410999999999,373.11716790519847
2011,1,0,2011-03-31,2011-03-31,1721.35,1942.3410999999999,220.99109999999996
2011,2,12,2011-06-30,2008-06-30,1933.94,1953.2794000000001,58.032772137221635
2011,2,11,2011-06-30,2008-09-30,1930.61,1953.2794000000001,80.77346637317217
2011,2,10,2011-06-30,2008-12-31,1770.64,1953.2794000000001,227.17239322356986
2011,2,9,2011-06-30,2009-03-31,1640.92,1953.2794000000001,348.9612970522913
2011,2,8,2011-06-30,2009-06-30,1555.66,1953.2794000000001,430.79677177643896
2011,2,7,2011-06-30,2009-09-30,1504.05,1953.2794000000001,482.25639533621074
2011,2,6,2011-06-30,2009-12-31,1472.33,1953.2794000000001,508.24787611328503
2011,2,5,2011-06-30,2010-03-31,1483.53,1953.2794000000001,494.22060973114844
2011,2,4,2011-06-30,2010-06-30,1532.66,1953.2794000000001,447.8449296664197
2011,2,3,2011-06-30,2010-09-30,1591.84,1953.2794000000001,419.54105969162543
2011,2,2,2011-06-30,2010-12-31,1665.42,1953.2794000000001,372.4056364000453
2011,2,1,2011-06-30,2011-03-31,1721.35,1953.2794000000001,352.5368733422005
2011,2,0,2011-06-30,2011-06-30,1789.1,1953.2794000000001,164.17940000000021
2011,3,12,2011-09-30,2008-09-30,1930.61,1949.9161,85.6089825350808
2011,3,11,2011-09-30,2008-12-31,1770.64,1949.9161,229.25095150678698
2011,3,10,2011-09-30,2009-03-31,1640.92,1949.9161,349.1457260688993
2011,3,9,2011-09-30,2009-06-30,1555.66,1949.9161,429.59129282345503
2011,3,8,2011-09-30,2009-09-30,1504.05,1949.9161,481.38860701830134
2011,3,7,2011-09-30,2009-12-31,1472.33,1949.9161,507.5848951752552
2011,3,6,2011-09-30,2010-03-31,1483.53,1949.9161,490.4251977280883
2011,3,5,2011-09-30,2010-06-30,1532.66,1949.9161,440.9448151283384
2011,3,4,2011-09-30,2010-09-30,1591.84,1949.9161,413.7521473750875
2011,3,3,2011-09-30,2010-12-31,1665.42,1949.9161,359.21450708563617
2011,3,2,2011-09-30,2011-03-31,1721.35,1949.9161,332.7806316041499
2011,3,1,2011-09-30,2011-06-30,1789.1,1949.9161,301.3201299273398
2011,3,0,2011-09-30,2011-09-30,1848.08,1949.9161,101.83609999999999
2011,4,12,2011-12-31,2008-12-31,1770.64,1788.3464000000001,106.9277208032693
2011,4,11,2011-12-31,2009-03-31,1640.92,1788.3464000000001,201.58368417045278
2011,4,10,2011-12-31,2009-06-30,1555.66,1788.3464000000001,274.0978986923804
2011,4,9,2011-12-31,2009-09-30,1504.05,1788.3464000000001,324.50795151975404
2011,4,8,2011-12-31,2009-12-31,1472.33,1788.3464000000001,349.4645529054201
2011,4,7,2011-12-31,2010-03-31,1483.53,1788.3464000000001,333.1716909258247
2011,4,6,2011-12-31,2010-06-30,1532.66,1788.3464000000001,278.1446472226201
2011,4,5,2011-12-31,2010-09-30,1591.84,1788.3464000000001,246.62819414267855
2011,4,4,2011-12-31,2010-12-31,1665.42,1788.3464000000001,187.7687825750455
2011,4,3,2011-12-31,2011-03-31,1721.35,1788.3464000000001,153.07011887121507
2011,4,2,2011-12-31,2011-06-30,1789.1,1788.3464000000001,112.84159933741186
2011,4,1,2011-12-31,2011-09-30,1848.08,1788.3464000000001,85.12802087751523
2011,4,0,2011-12-31,2011-12-31,1902.87,1788.3464000000001,0
2012,1,12,2012-03-31,2009-03-31,1640.92,1657.3292000000001,108.84390125194851
2012,1,11,2012-03-31,2009-06-30,1555.66,1657.3292000000001,168.44144715324103
2012,1,10,2012-03-31,2009-09-30,1504.05,1657.3292000000001,206.6870338913648
2012,1,9,2012-03-31,2009-12-31,1472.33,1657.3292000000001,228.4628342307678
2012,1,8,2012-03-31,2010-03-31,1483.53,1657.3292000000001,212.4187200997306
2012,1,7,2012-03-31,2010-06-30,1532.66,1657.3292000000001,162.77158321092378
2012,1,6,2012-03-31,2010-09-30,1591.84,1657.3292000000001,116.66818621759153
2012,1,5,2012-03-31,2010-12-31,1665.42,1657.3292000000001,65.25163477962224
2012,1,4,2012-03-31,2011-03-31,1721.35,1657.3292000000001,33.44368184881412
2012,1,3,2012-03-31,2011-06-30,1789.1,1657.3292000000001,8.58248253356899
2012,1,2,2012-03-31,2011-09-30,1848.08,1657.3292000000001,0.4554057823427111
2012,1,1,2012-03-31,2011-12-31,1902.87,1657.3292000000001,0
2012,1,0,2012-03-31,2012-03-31,1952.1,1657.3292000000001,0
2012,2,12,2012-06-30,2009-06-30,1555.66,1571.2166000000002,108.19693743957004
2012,2,11,2012-06-30,2009-09-30,1504.05,1571.2166000000002,142.4121210574742
2012,2,10,2012-06-30,2009-12-31,1472.33,1571.2166000000002,159.0752071126861
2012,2,9,2012-06-30,2010-03-31,1483.53,1571.2166000000002,140.59063308656334
2012,2,8,2012-06-30,2010-06-30,1532.66,1571.2166000000002,104.16387163284877
2012,2,7,2012-06-30,2010-09-30,1591.84,1571.2166000000002,56.89249691477601
2012,2,6,2012-06-30,2010-12-31,1665.42,1571.2166000000002,23.926324582274244
2012,2,5,2012-06-30,2011-03-31,1721.35,1571.2166000000002,7.8473532839812314
2012,2,4,2012-06-30,2011-06-30,1789.1,1571.2166000000002,0.8271895008876775
2012,2,3,2012-06-30,2011-09-30,1848.08,1571.2166000000002,0.004496453379197713
2012,2,2,2012-06-30,2011-12-31,1902.87,1571.2166000000002,0
2012,2,1,2012-06-30,2012-03-31,1952.1,1571.2166000000002,0
2012,2,0,2012-06-30,2012-06-30,2004.48,1571.2166000000002,0
2012,3,12,2012-09-30,2009-09-30,1504.05,1519.0905,112.72707043823534
2012,3,11,2012-09-30,2009-12-31,1472.33,1519.0905,127.10188160148161
2012,3,10,2012-09-30,2010-03-31,1483.53,1519.0905,113.4869332228112
2012,3,9,2012-09-30,2010-06-30,1532.66,1519.0905,79.23117521076308
2012,3,8,2012-09-30,2010-09-30,1591.84,1519.0905,41.30257384787606
2012,3,7,2012-09-30,2010-12-31,1665.42,1519.0905,13.677883238484807
2012,3,6,2012-09-30,2011-03-31,1721.35,1519.0905,3.3852004109028435
2012,3,5,2012-09-30,2011-06-30,1789.1,1519.0905,0.42410398522300763
2012,3,4,2012-09-30,2011-09-30,1848.08,1519.0905,0.012873402849427592
2012,3,3,2012-09-30,2011-12-31,1902.87,1519.0905,0
2012,3,2,2012-09-30,2012-03-31,1952.1,1519.0905,0
2012,3,1,2012-09-30,2012-06-30,2004.48,1519.0905,0
2012,3,0,2012-09-30,2012-09-30,2051.39,1519.0905,0
2012,4,12,2012-12-31,2009-12-31,1472.33,1487.0533,109.46543539351276
2012,4,11,2012-12-31,2010-03-31,1483.53,1487.0533,98.29992647008076
2012,4,10,2012-12-31,2010-06-30,1532.66,1487.0533,66.85558832583767
2012,4,9,2012-12-31,2010-09-30,1591.84,1487.0533,35.666276734111925
2012,4,8,2012-12-31,2010-12-31,1665.42,1487.0533,13.021837674988966
2012,4,7,2012-12-31,2011-03-31,1721.35,1487.0533,2.823295822905329
2012,4,6,2012-12-31,2011-06-30,1789.1,1487.0533,0.4521666652766297
2012,4,5,2012-12-31,2011-09-30,1848.08,1487.0533,0.01694861741882792
2012,4,4,2012-12-31,2011-12-31,1902.87,1487.0533,0
2012,4,3,2012-12-31,2012-03-31,1952.1,1487.0533,0
2012,4,2,2012-12-31,2012-06-30,2004.48,1487.0533,0
2012,4,1,2012-12-31,2012-09-30,2051.39,1487.0533,0
2012,4,0,2012-12-31,2012-12-31,2103.53,1487.0533,0
2013,1,12,2013-03-31,2010-03-31,1483.53,1498.3653,107.33768459589623
2013,1,11,2013-03-31,2010-06-30,1532.66,1498.3653,80.78860434368542
2013,1,10,2013-03-31,2010-09-30,1591.84,1498.3653,45.452907371203544
2013,1,9,2013-03-31,2010-12-31,1665.42,1498.3653,20.348238886624635
2013,1,8,2013-03-31,2011-03-31,1721.35,1498.3653,7.374826014054869
2013,1,7,2013-03-31,2011-06-30,1789.1,1498.3653,1.0670069989450006
2013,1,6,2013-03-31,2011-09-30,1848.08,1498.3653,0.12101334795891429
2013,1,5,2013-03-31,2011-12-31,1902.87,1498.3653,4.488914652323598e-4
2013,1,4,2013-03-31,2012-03-31,1952.1,1498.3653,0
2013,1,3,2013-03-31,2012-06-30,2004.48,1498.3653,0
2013,1,2,2013-03-31,2012-09-30,2051.39,1498.3653,0
2013,1,1,2013-03-31,2012-12-31,2103.53,1498.3653,0
2013,1,0,2013-03-31,2013-03-31,2157.49,1498.3653,0
2013,2,12,2013-06-30,2010-06-30,1532.66,1547.9866000000002,111.83369020535515
2013,2,11,2013-06-30,2010-09-30,1591.84,1547.9866000000002,74.85175383953259
2013,2,10,2013-06-30,2010-12-31,1665.42,1547.9866000000002,41.08039295234121
2013,2,9,2013-06-30,2011-03-31,1721.35,1547.9866000000002,21.045942404699392
2013,2,8,2013-06-30,2011-06-30,1789.1,1547.9866000000002,6.460944656477573
2013,2,7,2013-06-30,2011-09-30,1848.08,1547.9866000000002,1.4773504746901833
2013,2,6,2013-06-30,2011-12-31,1902.87,1547.9866000000002,0.18638476872743096
2013,2,5,2013-06-30,2012-03-31,1952.1,1547.9866000000002,0.0011804857868318484
2013,2,4,2013-06-30,2012-06-30,2004.48,1547.9866000000002,0
2013,2,3,2013-06-30,2012-09-30,2051.39,1547.9866000000002,0
2013,2,2,2013-06-30,2012-12-31,2103.53,1547.9866000000002,0
2013,2,1,2013-06-30,2013-03-31,2157.49,1547.9866000000002,0
2013,2,0,2013-06-30,2013-06-30,2219.51,1547.9866000000002,0
2013,3,12,2013-09-30,2010-09-30,1591.84,1607.7584,115.84770220643465
2013,3,11,2013-09-30,2010-12-31,1665.42,1607.7584,74.60303631416662
2013,3,10,2013-09-30,2011-03-31,1721.35,1607.7584,45.971171380917944
2013,3,9,2013-09-30,2011-06-30,1789.1,1607.7584,21.021647211352786
2013,3,8,2013-09-30,2011-09-30,1848.08,1607.7584,7.9938828846892465
2013,3,7,2013-09-30,2011-12-31,1902.87,1607.7584,1.909733562935348
2013,3,6,2013-09-30,2012-03-31,1952.1,1607.7584,0.23993428496864624
2013,3,5,2013-09-30,2012-06-30,2004.48,1607.7584,0.002397944433202246
2013,3,4,2013-09-30,2012-09-30,2051.39,1607.7584,0
2013,3,3,2013-09-30,2012-12-31,2103.53,1607.7584,0
2013,3,2,2013-09-30,2013-03-31,2157.49,1607.7584,0
2013,3,1,2013-09-30,2013-06-30,2219.51,1607.7584,0
2013,3,0,2013-09-30,2013-09-30,2277,1607.7584,0
2013,4,12,2013-12-31,2010-12-31,1665.42,1682.0742,126.15691594453413
2013,4,11,2013-12-31,2011-03-31,1721.35,1682.0742,86.35127755697931
2013,4,10,2013-12-31,2011-06-30,1789.1,1682.0742,52.28042414373167
2013,4,9,2013-12-31,2011-09-30,1848.08,1682.0742,27.649510712456912
2013,4,8,2013-12-31,2011-12-31,1902.87,1682.0742,11.839556807309458
2013,4,7,2013-12-31,2012-03-31,1952.1,1682.0742,2.901667712925771
2013,4,6,2013-12-31,2012-06-30,2004.48,1682.0742,0.4567424885284569
2013,4,5,2013-12-31,2012-09-30,2051.39,1682.0742,0.01639075446653719
2013,4,4,2013-12-31,2012-12-31,2103.53,1682.0742,0
2013,4,3,2013-12-31,2013-03-31,2157.49,1682.0742,0
2013,4,2,2013-12-31,2013-06-30,2219.51,1682.0742,0
2013,4,1,2013-12-31,2013-09-30,2277,1682.0742,0
2013,4,0,2013-12-31,2013-12-31,2334.57,1682.0742,0
2014,1,12,2014-03-31,2011-03-31,1721.35,1738.5635,126.51045289550595
2014,1,11,2014-03-31,2011-06-30,1789.1,1738.5635,83.91484530662605
2014,1,10,2014-03-31,2011-09-30,1848.08,1738.5635,55.71261300575843
2014,1,9,2014-03-31,2011-12-31,1902.87,1738.5635,30.740524607682598
2014,1,8,2014-03-31,2012-03-31,1952.1,1738.5635,13.597410578027691
2014,1,7,2014-03-31,2012-06-30,2004.48,1738.5635,3.744244311363342
2014,1,6,2014-03-31,2012-09-30,2051.39,1738.5635,0.7683030222231316
2014,1,5,2014-03-31,2012-12-31,2103.53,1738.5635,0.06792943763759962
2014,1,4,2014-03-31,2013-03-31,2157.49,1738.5635,0
2014,1,3,2014-03-31,2013-06-30,2219.51,1738.5635,0
2014,1,2,2014-03-31,2013-09-30,2277,1738.5635,0
2014,1,1,2014-03-31,2013-12-31,2334.57,1738.5635,0
2014,1,0,2014-03-31,2014-03-31,2398.64,1738.5635,0
2014,2,12,2014-06-30,2011-06-30,1789.1,1806.991,135.10346882444338
2014,2,11,2014-06-30,2011-09-30,1848.08,1806.991,96.03557884324725
2014,2,10,2014-06-30,2011-12-31,1902.87,1806.991,61.68489570818016
2014,2,9,2014-06-30,2012-03-31,1952.1,1806.991,38.37934952930042
2014,2,8,2014-06-30,2012-06-30,2004.48,1806.991,18.722480122045624
2014,2,7,2014-06-30,2012-09-30,2051.39,1806.991,5.917638487890319
2014,2,6,2014-06-30,2012-12-31,2103.53,1806.991,1.242404568635236
2014,2,5,2014-06-30,2013-03-31,2157.49,1806.991,0.09929750778741213
2014,2,4,2014-06-30,2013-06-30,2219.51,1806.991,0
2014,2,3,2014-06-30,2013-09-30,2277,1806.991,0
2014,2,2,2014-06-30,2013-12-31,2334.57,1806.991,0
2014,2,1,2014-06-30,2014-03-31,2398.64,1806.991,0
2014,2,0,2014-06-30,2014-06-30,2468.35,1806.991,0
2014,3,12,2014-09-30,2011-09-30,1848.08,1866.5608,138.59746350884538
2014,3,11,2014-09-30,2011-12-31,1902.87,1866.5608,101.97921579628466
2014,3,10,2014-09-30,2012-03-31,1952.1,1866.5608,69.10010208708059
2014,3,9,2014-09-30,2012-06-30,2004.48,1866.5608,40.69304167402345
2014,3,8,2014-09-30,2012-09-30,2051.39,1866.5608,22.613545158075475
2014,3,7,2014-09-30,2012-12-31,2103.53,1866.5608,7.207390186723332
2014,3,6,2014-09-30,2013-03-31,2157.49,1866.5608,1.7520411834872445
2014,3,5,2014-09-30,2013-06-30,2219.51,1866.5608,0.13270790702390542
2014,3,4,2014-09-30,2013-09-30,2277,1866.5608,0
2014,3,3,2014-09-30,2013-12-31,2334.57,1866.5608,0
2014,3,2,2014-09-30,2014-03-31,2398.64,1866.5608,0
2014,3,1,2014-09-30,2014-06-30,2468.35,1866.5608,0
2014,3,0,2014-09-30,2014-09-30,2533.36,1866.5608,0
2014,4,12,2014-12-31,2011-12-31,1902.87,1921.8987,140.88700771701298
2014,4,11,2014-12-31,2012-03-31,1952.1,1921.8987,106.4274824707363
2014,4,10,2014-12-31,2012-06-30,2004.48,1921.8987,71.3249283797643
2014,4,9,2014-12-31,2012-09-30,2051.39,1921.8987,47.92957719989703
2014,4,8,2014-12-31,2012-12-31,2103.53,1921.8987,23.878181789186826
2014,4,7,2014-12-31,2013-03-31,2157.49,1921.8987,8.314088734195362
2014,4,6,2014-12-31,2013-06-30,2219.51,1921.8987,1.7611513425633392
2014,4,5,2014-12-31,2013-09-30,2277,1921.8987,0.09201210287111902
2014,4,4,2014-12-31,2013-12-31,2334.57,1921.8987,0
2014,4,3,2014-12-31,2014-03-31,2398.64,1921.8987,0
2014,4,2,2014-12-31,2014-06-30,2468.35,1921.8987,0
2014,4,1,2014-12-31,2014-09-30,2533.36,1921.8987,0
2014,4,0,2014-12-31,2014-12-31,2610.47,1921.8987,0
2015,1,12,2015-03-31,2012-03-31,1952.1,1971.6209999999999,142.71955771707795
2015,1,11,2015-03-31,2012-06-30,2004.48,1971.6209999999999,109.53707299298388
2015,1,10,2015-03-31,2012-09-30,2051.39,1971.6209999999999,76.23812895692413
2015,1,9,2015-03-31,2012-12-31,2103.53,1971.6209999999999,47.91444493574273
2015,1,8,2015-03-31,2013-03-31,2157.49,1971.6209999999999,23.663294413933134
2015,1,7,2015-03-31,2013-06-30,2219.51,1971.6209999999999,7.591685500505575
2015,1,6,2015-03-31,2013-09-30,2277,1971.6209999999999,1.9536767320132868
2015,1,5,2015-03-31,2013-12-31,2334.57,1971.6209999999999,0.18047898702592285
2015,1,4,2015-03-31,2014-03-31,2398.64,1971.6209999999999,0
2015,1,3,2015-03-31,2014-06-30,2468.35,1971.6209999999999,0
2015,1,2,2015-03-31,2014-09-30,2533.36,1971.6209999999999,0
2015,1,1,2015-03-31,2014-12-31,2610.47,1971.6209999999999,0
2015,1,0,2015-03-31,2015-03-31,2703.72,1971.6209999999999,0
2015,2,12,2015-06-30,2012-06-30,2004.48,2024.5248000000001,145.41347523475815
2015,2,11,2015-06-30,2012-09-30,2051.39,2024.5248000000001,113.5810381532443
2015,2,10,2015-06-30,2012-12-31,2103.53,2024.5248000000001,78.3862986972259
2015,2,9,2015-06-30,2013-03-31,2157.49,2024.5248000000001,48.97029500849679
2015,2,8,2015-06-30,2013-06-30,2219.51,2024.5248000000001,24.065208417774908
2015,2,7,2015-06-30,2013-09-30,2277,2024.5248000000001,7.849601076393911
2015,2,6,2015-06-30,2013-12-31,2334.57,2024.5248000000001,1.8785055089581495
2015,2,5,2015-06-30,2014-03-31,2398.64,2024.5248000000001,0.1600448715385619
2015,2,4,2015-06-30,2014-06-30,2468.35,2024.5248000000001,0
2015,2,3,2015-06-30,2014-09-30,2533.36,2024.5248000000001,0
2015,2,2,2015-06-30,2014-12-31,2610.47,2024.5248000000001,0
2015,2,1,2015-06-30,2015-03-31,2703.72,2024.5248000000001,0
2015,2,0,2015-06-30,2015-06-30,2788.66,2024.5248000000001,0
2015,3,12,2015-09-30,2012-09-30,2051.39,2071.9039,153.3202653557379
2015,3,11,2015-09-30,2012-12-31,2103.53,2071.9039,113.44192690437042
2015,3,10,2015-09-30,2013-03-31,2157.49,2071.9039,79.1207173028206
2015,3,9,2015-09-30,2013-06-30,2219.51,2071.9039,46.97745387864987
2015,3,8,2015-09-30,2013-09-30,2277,2071.9039,22.991593636880005
2015,3,7,2015-09-30,2013-12-31,2334.57,2071.9039,7.504578976833179
2015,3,6,2015-09-30,2014-03-31,2398.64,2071.9039,1.688617677603408
2015,3,5,2015-09-30,2014-06-30,2468.35,2071.9039,0.13066539201766664
2015,3,4,2015-09-30,2014-09-30,2533.36,2071.9039,0.0010372054423622556
2015,3,3,2015-09-30,2014-12-31,2610.47,2071.9039,0
2015,3,2,2015-09-30,2015-03-31,2703.72,2071.9039,0
2015,3,1,2015-09-30,2015-06-30,2788.66,2071.9039,0
2015,3,0,2015-09-30,2015-09-30,2874.75,2071.9039,0
2015,4,12,2015-12-31,2012-12-31,2103.53,2124.5653,154.31065092352748
2015,4,11,2015-12-31,2013-03-31,2157.49,2124.5653,115.12771003189171
2015,4,10,2015-12-31,2013-06-30,2219.51,2124.5653,79.05002388567917
2015,4,9,2015-12-31,2013-09-30,2277,2124.5653,46.31414110880389
2015,4,8,2015-12-31,2013-12-31,2334.57,2124.5653,23.06359886590338
2015,4,7,2015-12-31,2014-03-31,2398.64,2124.5653,7.372788967434971
2015,4,6,2015-12-31,2014-06-30,2468.35,2124.5653,1.3892681077057323
2015,4,5,2015-12-31,2014-09-30,2533.36,2124.5653,0.11144760067262438
2015,4,4,2015-12-31,2014-12-31,2610.47,2124.5653,0
2015,4,3,2015-12-31,2015-03-31,2703.72,2124.5653,0
2015,4,2,2015-12-31,2015-06-30,2788.66,2124.5653,0
2015,4,1,2015-12-31,2015-09-30,2874.75,2124.5653,0
2015,4,0,2015-12-31,2015-12-31,2958.54,2124.5653,0
2016,1,12,2016-03-31,2013-03-31,2157.49,2179.0649,156.68770697802728
2016,1,11,2016-03-31,2013-06-30,2219.51,2179.0649,115.1123172140782
2016,1,10,2016-03-31,2013-09-30,2277,2179.0649,77.86883667506798
2016,1,9,2016-03-31,2013-12-31,2334.57,2179.0649,49.529983734699805
2016,1,8,2016-03-31,2014-03-31,2398.64,2179.0649,23.229541050415982
2016,1,7,2016-03-31,2014-06-30,2468.35,2179.0649,6.357796035777131
2016,1,6,2016-03-31,2014-09-30,2533.36,2179.0649,1.4715456459296496
2016,1,5,2016-03-31,2014-12-31,2610.47,2179.0649,0.059551036707679285
2016,1,4,2016-03-31,2015-03-31,2703.72,2179.0649,0
2016,1,3,2016-03-31,2015-06-30,2788.66,2179.0649,0
2016,1,2,2016-03-31,2015-09-30,2874.75,2179.0649,0
2016,1,1,2016-03-31,2015-12-31,2958.54,2179.0649,0
2016,1,0,2016-03-31,2016-03-31,3023.92,2179.0649,0
2016,2,12,2016-06-30,2013-06-30,2219.51,2241.7051,167.11665767984246
2016,2,11,2016-06-30,2013-09-30,2277,2241.7051,121.25406072563247
2016,2,10,2016-06-30,2013-12-31,2334.57,2241.7051,85.43757756465939
2016,2,9,2016-06-30,2014-03-31,2398.64,2241.7051,52.089784179051584
2016,2,8,2016-06-30,2014-06-30,2468.35,2241.7051,22.065791308103766
2016,2,7,2016-06-30,2014-09-30,2533.36,2241.7051,7.725398104486505
2016,2,6,2016-06-30,2014-12-31,2610.47,2241.7051,1.1907859145385142
2016,2,5,2016-06-30,2015-03-31,2703.72,2241.7051,0.0502510797427692
2016,2,4,2016-06-30,2015-06-30,2788.66,2241.7051,0
2016,2,3,2016-06-30,2015-09-30,2874.75,2241.7051,0
2016,2,2,2016-06-30,2015-12-31,2958.54,2241.7051,0
2016,2,1,2016-06-30,2016-03-31,3023.92,2241.7051,0
2016,2,0,2016-06-30,2016-06-30,3085.4,2241.7051,0
2016,3,12,2016-09-30,2013-09-30,2277,2299.77,165.5989221225513
2016,3,11,2016-09-30,2013-12-31,2334.57,2299.77,125.53043284163095
2016,3,10,2016-09-30,2014-03-31,2398.64,2299.77,85.27456992582411
2016,3,9,2016-09-30,2014-06-30,2468.35,2299.77,50.37666624475145
2016,3,8,2016-09-30,2014-09-30,2533.36,2299.77,25.21013233994246
2016,3,7,2016-09-30,2014-12-31,2610.47,2299.77,6.21236765514263
2016,3,6,2016-09-30,2015-03-31,2703.72,2299.77,0.7953362285769648
2016,3,5,2016-09-30,2015-06-30,2788.66,2299.77,0.03211982273734597
2016,3,4,2016-09-30,2015-09-30,2874.75,2299.77,0
2016,3,3,2016-09-30,2015-12-31,2958.54,2299.77,0
2016,3,2,2016-09-30,2016-03-31,3023.92,2299.77,0
2016,3,1,2016-09-30,2016-06-30,3085.4,2299.77,0
2016,3,0,2016-09-30,2016-09-30,3139.93,2299.77,0
2016,4,12,2016-12-31,2013-12-31,2334.57,2357.9157,169.68706591196477
2016,4,11,2016-12-31,2014-03-31,2398.64,2357.9157,122.9433789425057
2016,4,10,2016-12-31,2014-06-30,2468.35,2357.9157,83.12650205975162
2016,4,9,2016-12-31,2014-09-30,2533.36,2357.9157,49.284676898679976
2016,4,8,2016-12-31,2014-12-31,2610.47,2357.9157,21.8659082723131
2016,4,7,2016-12-31,2015-03-31,2703.72,2357.9157,5.064473041929827
2016,4,6,2016-12-31,2015-06-30,2788.66,2357.9157,0.6759079705235786
2016,4,5,2016-12-31,2015-09-30,2874.75,2357.9157,0.013086901080166925
2016,4,4,2016-12-31,2015-12-31,2958.54,2357.9157,0
2016,4,3,2016-12-31,2016-03-31,3023.92,2357.9157,0
2016,4,2,2016-12-31,2016-06-30,3085.4,2357.9157,0
2016,4,1,2016-12-31,2016-09-30,3139.93,2357.9157,0
2016,4,0,2016-12-31,2016-12-31,3194.26,2357.9157,0
2017,1,12,2017-03-31,2014-03-31,2398.64,2422.6264,176.27298278899463
2017,1,11,2017-03-31,2014-06-30,2468.35,2422.6264,127.23271770135293
2017,1,10,2017-03-31,2014-09-30,2533.36,2422.6264,86.2374647943313
2017,1,9,2017-03-31,2014-12-31,2610.47,2422.6264,48.528256528106546
2017,1,8,2017-03-31,2015-03-31,2703.72,2422.6264,19.730686804483508
2017,1,7,2017-03-31,2015-06-30,2788.66,2422.6264,4.049102153086061
2017,1,6,2017-03-31,2015-09-30,2874.75,2422.6264,0.4278101485289278
2017,1,5,2017-03-31,2015-12-31,2958.54,2422.6264,0.01610318515875405
2017,1,4,2017-03-31,2016-03-31,3023.92,2422.6264,0
2017,1,3,2017-03-31,2016-06-30,3085.4,2422.6264,0
2017,1,2,2017-03-31,2016-09-30,3139.93,2422.6264,0
2017,1,1,2017-03-31,2016-12-31,3194.26,2422.6264,0
2017,1,0,2017-03-31,2017-03-31,3243.68,2422.6264,0
2017,2,12,2017-06-30,2014-06-30,2468.35,2493.0335,175.5608045647679
2017,2,11,2017-06-30,2014-09-30,2533.36,2493.0335,137.56478485040773
2017,2,10,2017-06-30,2014-12-31,2610.47,2493.0335,90.74799299546196
2017,2,9,2017-06-30,2015-03-31,2703.72,2493.0335,44.04978619715231
2017,2,8,2017-06-30,2015-06-30,2788.66,2493.0335,18.92180844207028
2017,2,7,2017-06-30,2015-09-30,2874.75,2493.0335,4.085647283088409
2017,2,6,2017-06-30,2015-12-31,2958.54,2493.0335,0.5166483769473017
2017,2,5,2017-06-30,2016-03-31,3023.92,2493.0335,0.03169416983972175
2017,2,4,2017-06-30,2016-06-30,3085.4,2493.0335,0
2017,2,3,2017-06-30,2016-09-30,3139.93,2493.0335,0
2017,2,2,2017-06-30,2016-12-31,3194.26,2493.0335,0
2017,2,1,2017-06-30,2017-03-31,3243.68,2493.0335,0
2017,2,0,2017-06-30,2017-06-30,3300.34,2493.0335,0
2017,3,12,2017-09-30,2014-09-30,2533.36,2558.6936,183.45896371473978
2017,3,11,2017-09-30,2014-12-31,2610.47,2558.6936,132.57970026985717
2017,3,10,2017-09-30,2015-03-31,2703.72,2558.6936,80.70866610763065
2017,3,9,2017-09-30,2015-06-30,2788.66,2558.6936,41.724661113790454
2017,3,8,2017-09-30,2015-09-30,2874.75,2558.6936,17.063571642870823
2017,3,7,2017-09-30,2015-12-31,2958.54,2558.6936,3.335363859157055
2017,3,6,2017-09-30,2016-03-31,3023.92,2558.6936,0.6518256231559802
2017,3,5,2017-09-30,2016-06-30,3085.4,2558.6936,0.02663798683997198
2017,3,4,2017-09-30,2016-09-30,3139.93,2558.6936,0
2017,3,3,2017-09-30,2016-12-31,3194.26,2558.6936,0
2017,3,2,2017-09-30,2017-03-31,3243.68,2558.6936,0
2017,3,1,2017-09-30,2017-06-30,3300.34,2558.6936,0
2017,3,0,2017-09-30,2017-09-30,3356.28,2558.6936,0
2017,4,12,2017-12-31,2014-12-31,2610.47,2636.5746999999997,189.31313109593506
2017,4,11,2017-12-31,2015-03-31,2703.72,2636.5746999999997,128.2498155228461
2017,4,10,2017-12-31,2015-06-30,2788.66,2636.5746999999997,81.81208676094099
2017,4,9,2017-12-31,2015-09-30,2874.75,2636.5746999999997,43.038121045280214
2017,4,8,2017-12-31,2015-12-31,2958.54,2636.5746999999997,16.65387796255649
2017,4,7,2017-12-31,2016-03-31,3023.92,2636.5746999999997,4.540106128283145
2017,4,6,2017-12-31,2016-06-30,3085.4,2636.5746999999997,0.6883779352385154
2017,4,5,2017-12-31,2016-09-30,3139.93,2636.5746999999997,0.10142288543460459
2017,4,4,2017-12-31,2016-12-31,3194.26,2636.5746999999997,0
2017,4,3,2017-12-31,2017-03-31,3243.68,2636.5746999999997,0
2017,4,2,2017-12-31,2017-06-30,3300.34,2636.5746999999997,0
2017,4,1,2017-12-31,2017-09-30,3356.28,2636.5746999999997,0
2017,4,0,2017-12-31,2017-12-31,3416.54,2636.5746999999997,0
2018,1,12,2018-03-31,2015-03-31,2703.72,2730.7572,197.39068946547707
2018,1,11,2018-03-31,2015-06-30,2788.66,2730.7572,139.56591041943693
2018,1,10,2018-03-31,2015-09-30,2874.75,2730.7572,91.19338435981267
2018,1,9,2018-03-31,2015-12-31,2958.54,2730.7572,46.097642726582784
2018,1,8,2018-03-31,2016-03-31,3023.92,2730.7572,22.92665113468408
2018,1,7,2018-03-31,2016-06-30,3085.4,2730.7572,6.833113395525084
2018,1,6,2018-03-31,2016-09-30,3139.93,2730.7572,1.6578740885878576
2018,1,5,2018-03-31,2016-12-31,3194.26,2730.7572,0.23284062025773916
2018,1,4,2018-03-31,2017-03-31,3243.68,2730.7572,0
2018,1,3,2018-03-31,2017-06-30,3300.34,2730.7572,0
2018,1,2,2018-03-31,2017-09-30,3356.28,2730.7572,0
2018,1,1,2018-03-31,2017-12-31,3416.54,2730.7572,0
2018,1,0,2018-03-31,2018-03-31,3474.63,2730.7572,0
2018,2,12,2018-06-30,2015-06-30,2788.66,2816.5465999999997,203.91101415261048
2018,2,11,2018-06-30,2015-09-30,2874.75,2816.5465999999997,143.1000634611048
2018,2,10,2018-06-30,2015-12-31,2958.54,2816.5465999999997,87.68399471403319
2018,2,9,2018-06-30,2016-03-31,3023.92,2816.5465999999997,52.21769869075328
2018,2,8,2018-06-30,2016-06-30,3085.4,2816.5465999999997,27.6335817395729
2018,2,7,2018-06-30,2016-09-30,3139.93,2816.5465999999997,10.61523578933928
2018,2,6,2018-06-30,2016-12-31,3194.26,2816.5465999999997,2.8696281338212537
2018,2,5,2018-06-30,2017-03-31,3243.68,2816.5465999999997,0.4032477222529749
2018,2,4,2018-06-30,2017-06-30,3300.34,2816.5465999999997,0.0024176584139220933
2018,2,3,2018-06-30,2017-09-30,3356.28,2816.5465999999997,0
2018,2,2,2018-06-30,2017-12-31,3416.54,2816.5465999999997,0
2018,2,1,2018-06-30,2018-03-31,3474.63,2816.5465999999997,0
2018,2,0,2018-06-30,2018-06-30,3537.54,2816.5465999999997,0
2018,3,12,2018-09-30,2015-09-30,2874.75,2903.4975,213.11920058640843
2018,3,11,2018-09-30,2015-12-31,2958.54,2903.4975,142.49309263645188
2018,3,10,2018-09-30,2016-03-31,3023.92,2903.4975,102.79065607642916
2018,3,9,2018-09-30,2016-06-30,3085.4,2903.4975,64.99833574460992
2018,3,8,2018-09-30,2016-09-30,3139.93,2903.4975,36.85860008375776
2018,3,7,2018-09-30,2016-12-31,3194.26,2903.4975,14.346628284622284
2018,3,6,2018-09-30,2017-03-31,3243.68,2903.4975,4.4289480488328925
2018,3,5,2018-09-30,2017-06-30,3300.34,2903.4975,0.7708263927799465
2018,3,4,2018-09-30,2017-09-30,3356.28,2903.4975,0.016200667331364917
2018,3,3,2018-09-30,2017-12-31,3416.54,2903.4975,0
2018,3,2,2018-09-30,2018-03-31,3474.63,2903.4975,0
2018,3,1,2018-09-30,2018-06-30,3537.54,2903.4975,0
2018,3,0,2018-09-30,2018-09-30,3596.72,2903.4975,0
2018,4,12,2018-12-31,2015-12-31,2958.54,2988.1254,207.16894447342196
2018,4,11,2018-12-31,2016-03-31,3023.92,2988.1254,159.83930364441414
2018,4,10,2018-12-31,2016-06-30,3085.4,2988.1254,110.79855497813116
2018,4,9,2018-12-31,2016-09-30,3139.93,2988.1254,75.97166152587297
2018,4,8,2018-12-31,2016-12-31,3194.26,2988.1254,42.75055132543881
2018,4,7,2018-12-31,2017-03-31,3243.68,2988.1254,19.320684780318533
2018,4,6,2018-12-31,2017-06-30,3300.34,2988.1254,5.901684799447094
2018,4,5,2018-12-31,2017-09-30,3356.28,2988.1254,1.0584505320011623
2018,4,4,2018-12-31,2017-12-31,3416.54,2988.1254,0.07321908675673264
2018,4,3,2018-12-31,2018-03-31,3474.63,2988.1254,0
2018,4,2,2018-12-31,2018-06-30,3537.54,2988.1254,0
2018,4,1,2018-12-31,2018-09-30,3596.72,2988.1254,0
2018,4,0,2018-12-31,2018-12-31,3646.09,2988.1254,0
2019,1,12,2019-03-31,2016-03-31,3023.92,3054.1592,210.75863621264648
2019,1,11,2019-03-31,2016-06-30,3085.4,3054.1592,162.20796276977393
2019,1,10,2019-03-31,2016-09-30,3139.93,3054.1592,119.37886117264166
2019,1,9,2019-03-31,2016-12-31,3194.26,3054.1592,80.07007551142709
2019,1,8,2019-03-31,2017-03-31,3243.68,3054.1592,46.26094414077624
2019,1,7,2019-03-31,2017-06-30,3300.34,3054.1592,18.7171610897483
2019,1,6,2019-03-31,2017-09-30,3356.28,3054.1592,6.245688722820699
2019,1,5,2019-03-31,2017-12-31,3416.54,3054.1592,1.3752133036669332
2019,1,4,2019-03-31,2018-03-31,3474.63,3054.1592,0.037932989387700906
2019,1,3,2019-03-31,2018-06-30,3537.54,3054.1592,0
2019,1,2,2019-03-31,2018-09-30,3596.72,3054.1592,0
2019,1,1,2019-03-31,2018-12-31,3646.09,3054.1592,0
2019,1,0,2019-03-31,2019-03-31,3711.86,3054.1592,0
2019,2,12,2019-06-30,2016-06-30,3085.4,3116.254,208.40774753790146
2019,2,11,2019-06-30,2016-09-30,3139.93,3116.254,167.0699056078568
2019,2,10,2019-06-30,2016-12-31,3194.26,3116.254,119.19718763326938
2019,2,9,2019-06-30,2017-03-31,3243.68,3116.254,78.28690209731381
2019,2,8,2019-06-30,2017-06-30,3300.34,3116.254,43.44712910763052
2019,2,7,2019-06-30,2017-09-30,3356.28,3116.254,20.42676441986318
2019,2,6,2019-06-30,2017-12-31,3416.54,3116.254,6.798754196274026
2019,2,5,2019-06-30,2018-03-31,3474.63,3116.254,1.3485617107082954
2019,2,4,2019-06-30,2018-06-30,3537.54,3116.254,0.0336061817171565
2019,2,3,2019-06-30,2018-09-30,3596.72,3116.254,0
2019,2,2,2019-06-30,2018-12-31,3646.09,3116.254,0
2019,2,1,2019-06-30,2019-03-31,3711.86,3116.254,0
2019,2,0,2019-06-30,2019-06-30,3767.79,3116.254,0
2019,3,12,2019-09-30,2016-09-30,3139.93,3171.3293,210.0917534640596
2019,3,11,2019-09-30,2016-12-31,3194.26,3171.3293,162.51770081514746
2019,3,10,2019-09-30,2017-03-31,3243.68,3171.3293,119.44127046926135
2019,3,9,2019-09-30,2017-06-30,3300.34,3171.3293,72.87148845479008
2019,3,8,2019-09-30,2017-09-30,3356.28,3171.3293,45.20023553805595
2019,3,7,2019-09-30,2017-12-31,3416.54,3171.3293,16.812802037113986
2019,3,6,2019-09-30,2018-03-31,3474.63,3171.3293,5.577904297040216
2019,3,5,2019-09-30,2018-06-30,3537.54,3171.3293,0.7855823405146605
2019,3,4,2019-09-30,2018-09-30,3596.72,3171.3293,0.023946805370244954
2019,3,3,2019-09-30,2018-12-31,3646.09,3171.3293,0
2019,3,2,2019-09-30,2019-03-31,3711.86,3171.3293,0
2019,3,1,2019-09-30,2019-06-30,3767.79,3171.3293,0
2019,3,0,2019-09-30,2019-09-30,3821.03,3171.3293,0
2019,4,12,2019-12-31,2016-12-31,3194.26,3226.2026,208.16884911100493
2019,4,11,2019-12-31,2017-03-31,3243.68,3226.2026,159.69883422415188
2019,4,10,2019-12-31,2017-06-30,3300.34,3226.2026,107.45149615507032
2019,4,9,2019-12-31,2017-09-30,3356.28,3226.2026,75.75336551718351
2019,4,8,2019-12-31,2017-12-31,3416.54,3226.2026,39.53286315672913
2019,4,7,2019-12-31,2018-03-31,3474.63,3226.2026,14.902448817677207
2019,4,6,2019-12-31,2018-06-30,3537.54,3226.2026,4.449390269904012
2019,4,5,2019-12-31,2018-09-30,3596.72,3226.2026,0.5569873356482847
2019,4,4,2019-12-31,2018-12-31,3646.09,3226.2026,0.05265556264045945
2019,4,3,2019-12-31,2019-03-31,3711.86,3226.2026,0
2019,4,2,2019-12-31,2019-06-30,3767.79,3226.2026,0
2019,4,1,2019-12-31,2019-09-30,3821.03,3226.2026,0
2019,4,0,2019-12-31,2019-12-31,3880.2,3226.2026,0
2020,1,12,2020-03-31,2017-03-31,3243.68,3276.1168,193.65897409583755
2020,1,11,2020-03-31,2017-06-30,3300.34,3276.1168,143.8482150310134
2020,1,10,2020-03-31,2017-09-30,3356.28,3276.1168,106.19196560835623
2020,1,9,2020-03-31,2017-12-31,3416.54,3276.1168,65.84317923439285
2020,1,8,2020-03-31,2018-03-31,3474.63,3276.1168,32.54830118848383
2020,1,7,2020-03-31,2018-06-30,3537.54,3276.1168,11.71212533501001
2020,1,6,2020-03-31,2018-09-30,3596.72,3276.1168,3.3595949049044327
2020,1,5,2020-03-31,2018-12-31,3646.09,3276.1168,0.5773471738006716
2020,1,4,2020-03-31,2019-03-31,3711.86,3276.1168,0.04728471465539547
2020,1,3,2020-03-31,2019-06-30,3767.79,3276.1168,0
2020,1,2,2020-03-31,2019-09-30,3821.03,3276.1168,0
2020,1,1,2020-03-31,2019-12-31,3880.2,3276.1168,0
2020,1,0,2020-03-31,2020-03-31,3907.86,3276.1168,0
2020,2,12,2020-06-30,2017-06-30,3300.34,3333.3434,181.44407997538693
2020,2,11,2020-06-30,2017-09-30,3356.28,3333.3434,146.53901246529585
2020,2,10,2020-06-30,2017-12-31,3416.54,3333.3434,99.22140767025121
2020,2,9,2020-06-30,2018-03-31,3474.63,3333.3434,57.42379678796018
2020,2,8,2020-06-30,2018-06-30,3537.54,3333.3434,30.567321840406937
2020,2,7,2020-06-30,2018-09-30,3596.72,3333.3434,10.503401166942817
2020,2,6,2020-06-30,2018-12-31,3646.09,3333.3434,3.654953583221908
2020,2,5,2020-06-30,2019-03-31,3711.86,3333.3434,0.5853576005099017
2020,2,4,2020-06-30,2019-06-30,3767.79,3333.3434,0.03855369060523854
2020,2,3,2020-06-30,2019-09-30,3821.03,3333.3434,0
2020,2,2,2020-06-30,2019-12-31,3880.2,3333.3434,0
2020,2,1,2020-06-30,2020-03-31,3907.86,3333.3434,0
2020,2,0,2020-06-30,2020-06-30,3869.02,3333.3434,0
2020,3,12,2020-09-30,2017-09-30,3356.28,3389.8428000000004,185.42816689052646
2020,3,11,2020-09-30,2017-12-31,3416.54,3389.8428000000004,132.04923114009847
2020,3,10,2020-09-30,2018-03-31,3474.63,3389.8428000000004,90.5250093805022
2020,3,9,2020-09-30,2018-06-30,3537.54,3389.8428000000004,51.74891900303209
2020,3,8,2020-09-30,2018-09-30,3596.72,3389.8428000000004,27.51004218813265
2020,3,7,2020-09-30,2018-12-31,3646.09,3389.8428000000004,10.928238282127513
2020,3,6,2020-09-30,2019-03-31,3711.86,3389.8428000000004,3.435934104494593
2020,3,5,2020-09-30,2019-06-30,3767.79,3389.8428000000004,0.7835635416164437
2020,3,4,2020-09-30,2019-09-30,3821.03,3389.8428000000004,0.040155532184767924
2020,3,3,2020-09-30,2019-12-31,3880.2,3389.8428000000004,0
2020,3,2,2020-09-30,2020-03-31,3907.86,3389.8428000000004,0
2020,3,1,2020-09-30,2020-06-30,3869.02,3389.8428000000004,0
2020,3,0,2020-09-30,2020-09-30,3897.63,3389.8428000000004,0
2020,4,12,2020-12-31,2017-12-31,3416.54,3450.7054,172.250102671594
2020,4,11,2020-12-31,2018-03-31,3474.63,3450.7054,124.79777605629414
2020,4,10,2020-12-31,2018-06-30,3537.54,3450.7054,82.98402849059198
2020,4,9,2020-12-31,2018-09-30,3596.72,3450.7054,49.89502228016625
2020,4,8,2020-12-31,2018-12-31,3646.09,3450.7054,27.192507330076474
2020,4,7,2020-12-31,2019-03-31,3711.86,3450.7054,10.682832064595653
2020,4,6,2020-12-31,2019-06-30,3767.79,3450.7054,4.3435053469102565
2020,4,5,2020-12-31,2019-09-30,3821.03,3450.7054,0.885427661014606
2020,4,4,2020-12-31,2019-12-31,3880.2,3450.7054,0.05373426172128945
2020,4,3,2020-12-31,2020-03-31,3907.86,3450.7054,0.002669355136282831
2020,4,2,2020-12-31,2020-06-30,3869.02,3450.7054,0
2020,4,1,2020-12-31,2020-09-30,3897.63,3450.7054,0
2020,4,0,2020-12-31,2020-12-31,3942.33,3450.7054,0
